id,"person","stortingsperiode_id","fast_vara_for_id","vara_for_id",dagens_representant
21676,"ALKJ","1945-49",NULL,NULL,0
21677,"ALVÅ","1945-49",NULL,NULL,0
21678,"AMSK","1945-49",NULL,NULL,0
21679,"ANBØ","1945-49",NULL,NULL,0
21680,"ANDJ","1945-49",NULL,NULL,0
21681,"ANHV","1945-49",NULL,NULL,0
21682,"ANND","1945-49",NULL,NULL,0
21683,"ANRY","1945-49",NULL,NULL,0
21684,"ARAR","1945-49",NULL,NULL,0
21685,"ARJN","1945-49",NULL,NULL,0
21686,"ARRS","1945-49",NULL,NULL,0
21687,"ARSD","1945-49",NULL,NULL,0
21688,"ARSØ","1945-49",NULL,NULL,0
21689,"ASSK","1945-49",NULL,NULL,0
21690,"ASSO","1945-49",NULL,NULL,0
21691,"BEBR","1945-49",NULL,NULL,0
21692,"BEIN","1945-49",NULL,NULL,0
21693,"BERØ","1945-49",NULL,NULL,0
21694,"CAHE","1945-49",NULL,NULL,0
21695,"CAHM","1945-49",NULL,NULL,0
21696,"CASV","1945-49",NULL,NULL,0
21697,"CAWE","1945-49",NULL,NULL,0
21698,"CAWR","1945-49",NULL,NULL,0
21699,"CHOF","1945-49",NULL,NULL,0
21700,"CLOL","1945-49",NULL,NULL,0
21701,"EIER","1945-49",NULL,NULL,0
21702,"EIFR","1945-49",NULL,NULL,0
21703,"EIGE","1945-49",NULL,NULL,0
21704,"EIHR","1945-49",NULL,NULL,0
21705,"EIST","1945-49",NULL,NULL,0
21706,"ELVA","1945-49",NULL,NULL,0
21707,"EMLØ","1945-49",NULL,NULL,0
21708,"ERFR","1945-49",NULL,NULL,0
21709,"ERWI","1945-49",NULL,NULL,0
21710,"FRBE","1945-49",NULL,NULL,0
21711,"FRMO","1945-49",NULL,NULL,0
21712,"GAMO","1945-49",NULL,NULL,0
21713,"GUEN","1945-49",NULL,NULL,0
21714,"GUNA","1945-49",NULL,NULL,0
21715,"GUTA","1945-49",NULL,NULL,0
21716,"HAEI","1945-49",NULL,NULL,0
21717,"HAHL","1945-49",NULL,NULL,0
21718,"HALØ","1945-49",NULL,NULL,0
21719,"HART","1945-49",NULL,NULL,0
21720,"HASD","1945-49",NULL,NULL,0
21721,"HASE","1945-49",NULL,NULL,0
21722,"HAWI","1945-49",NULL,NULL,0
21723,"HEJA","1945-49",NULL,NULL,0
21724,"HERO","1945-49",NULL,NULL,0
21725,"HESM","1945-49",NULL,NULL,0
21726,"HRSV","1945-49",NULL,NULL,0
21727,"HÅBR","1945-49",NULL,NULL,0
21728,"HÅHA","1945-49",NULL,NULL,0
21729,"HÅJO","1945-49",NULL,NULL,0
21730,"INHU","1945-49",NULL,NULL,0
21731,"INSI","1945-49",NULL,NULL,0
21732,"INTØ","1945-49",NULL,NULL,0
21733,"ISFL","1945-49",NULL,NULL,0
21734,"IVBA","1945-49",NULL,NULL,0
21735,"IVHO","1945-49",NULL,NULL,0
21736,"IVNO","1945-49",NULL,NULL,0
21737,"JAFS","1945-49",NULL,NULL,0
21738,"JALO","1945-49",NULL,NULL,0
21739,"JAPE","1945-49",NULL,NULL,0
21740,"JARE","1945-49",NULL,NULL,0
21741,"JEJN","1945-49",NULL,NULL,0
21742,"JELN","1945-49",NULL,NULL,0
21743,"JEST","1945-49",NULL,NULL,0
21744,"JHWI","1945-49",NULL,NULL,0
21745,"JOAN","1945-49",NULL,NULL,0
21746,"JOAR","1945-49",NULL,NULL,0
21747,"JODA","1945-49",NULL,NULL,0
21748,"JOLE","1945-49",NULL,NULL,0
21749,"JOLY","1945-49",NULL,NULL,0
21750,"JONY","1945-49",NULL,NULL,0
21751,"JOOL","1945-49",NULL,NULL,0
21752,"JOPE","1945-49",NULL,NULL,0
21753,"JSJ","1945-49",NULL,NULL,0
21754,"JØFI","1945-49",NULL,NULL,0
21755,"JØVO","1945-49",NULL,NULL,0
21756,"KAFJ","1945-49",NULL,NULL,0
21757,"KAFO","1945-49",NULL,NULL,0
21758,"KAHM","1945-49",NULL,NULL,0
21759,"KIBE","1945-49",NULL,NULL,0
21760,"KIHA","1945-49",NULL,NULL,0
21761,"KJTE","1945-49",NULL,NULL,0
21762,"KLSK","1945-49",NULL,NULL,0
21763,"KOKN","1945-49",NULL,NULL,0
21764,"KRFJ","1945-49",NULL,NULL,0
21765,"KRMO","1945-49",NULL,NULL,0
21766,"LABR","1945-49",NULL,NULL,0
21767,"LAGR","1945-49",NULL,NULL,0
21768,"LAMO","1945-49",NULL,NULL,0
21769,"LARA","1945-49",NULL,NULL,0
21770,"LARO","1945-49",NULL,NULL,0
21771,"LEBU","1945-49",NULL,NULL,0
21772,"LEGR","1945-49",NULL,NULL,0
21773,"LEGØ","1945-49",NULL,NULL,0
21774,"MAJH","1945-49",NULL,NULL,0
21775,"MASC","1945-49",NULL,NULL,0
21776,"MASM","1945-49",NULL,NULL,0
21777,"MOLI","1945-49",NULL,NULL,0
21778,"NIHØ","1945-49",NULL,NULL,0
21779,"NIJA","1945-49",NULL,NULL,0
21780,"NILV","1945-49",NULL,NULL,0
21781,"NITR","1945-49",NULL,NULL,0
21782,"NITV","1945-49",NULL,NULL,0
21783,"OLBE","1945-49",NULL,NULL,0
21784,"OLLG","1945-49",NULL,NULL,0
21785,"OLME","1945-49",NULL,NULL,0
21786,"OLNL","1945-49",NULL,NULL,0
21787,"OLOK","1945-49",NULL,NULL,0
21788,"OLRN","1945-49",NULL,NULL,0
21789,"OLSV","1945-49",NULL,NULL,0
21790,"OLSØ","1945-49",NULL,NULL,0
21791,"OLVE","1945-49",NULL,NULL,0
21792,"OLWA","1945-49",NULL,NULL,0
21793,"OSOL","1945-49",NULL,NULL,0
21794,"OSTO","1945-49",NULL,NULL,0
21795,"PABE","1945-49",NULL,NULL,0
21796,"PADA","1945-49",NULL,NULL,0
21797,"PASU","1945-49",NULL,NULL,0
21798,"PEAV","1945-49",NULL,NULL,0
21799,"RADL","1945-49",NULL,NULL,0
21800,"RASW","1945-49",NULL,NULL,0
21801,"RECA","1945-49",NULL,NULL,0
21802,"ROST","1945-49",NULL,NULL,0
21803,"SILE","1945-49",NULL,NULL,0
21804,"SJLI","1945-49",NULL,NULL,0
21805,"SVHO","1945-49",NULL,NULL,0
21806,"SVLØ","1945-49",NULL,NULL,0
21807,"SVNI","1945-49",NULL,NULL,0
21808,"SVOF","1945-49",NULL,NULL,0
21809,"SVRE","1945-49",NULL,NULL,0
21810,"SVSØ","1945-49",NULL,NULL,0
21811,"SVØR","1945-49",NULL,NULL,0
21812,"SØMO","1945-49",NULL,NULL,0
21813,"SØSØ","1945-49",NULL,NULL,0
21814,"TEWO","1945-49",NULL,NULL,0
21815,"THBR","1945-49",NULL,NULL,0
21816,"TIEV","1945-49",NULL,NULL,0
21817,"TOMA","1945-49",NULL,NULL,0
21818,"TOVI","1945-49",NULL,NULL,0
21819,"TRLI","1945-49",NULL,NULL,0
21820,"TRUT","1945-49",NULL,NULL,0
21821,"ULOL","1945-49",NULL,NULL,0
21822,"WIBR","1945-49",NULL,NULL,0
21823,"WIIN","1945-49",NULL,NULL,0
21824,"AAKU","1945-49",NULL,NULL,0
21825,"AARY","1945-49",NULL,NULL,0
21826,"ALKJ","1950-53",NULL,NULL,0
21827,"ALNI","1950-53",NULL,NULL,0
21828,"AMSK","1950-53",NULL,NULL,0
21829,"ANAL","1950-53",NULL,NULL,0
21830,"ANBE","1950-53",NULL,NULL,0
21831,"ANBØ","1950-53",NULL,NULL,0
21832,"ANHV","1950-53",NULL,NULL,0
21833,"ANRY","1950-53",NULL,NULL,0
21834,"ARAR","1950-53",NULL,NULL,0
21835,"ARJH","1950-53",NULL,NULL,0
21836,"ARSØ","1950-53",NULL,NULL,0
21837,"ASSK","1950-53",NULL,NULL,0
21838,"ASSO","1950-53",NULL,NULL,0
21839,"BEBR","1950-53",NULL,NULL,0
21840,"BEIN","1950-53",NULL,NULL,0
21841,"BERØ","1950-53",NULL,NULL,0
21842,"BJSØ","1950-53",NULL,NULL,0
21843,"CAHM","1950-53",NULL,NULL,0
21844,"CALA","1950-53",NULL,NULL,0
21845,"CAWR","1950-53",NULL,NULL,0
21846,"CLOL","1950-53",NULL,NULL,0
21847,"COKA","1950-53",NULL,NULL,0
21848,"EIFR","1950-53",NULL,NULL,0
21849,"EIGE","1950-53",NULL,NULL,0
21850,"EIHR","1950-53",NULL,NULL,0
21851,"EIIV","1950-53",NULL,NULL,0
21852,"EIOS","1950-53",NULL,NULL,0
21853,"EIST","1950-53",NULL,NULL,0
21854,"ELVA","1950-53",NULL,NULL,0
21855,"ERFR","1950-53",NULL,NULL,0
21856,"ERNO","1950-53",NULL,NULL,0
21857,"ERVI","1950-53",NULL,NULL,0
21858,"FIMO","1950-53",NULL,NULL,0
21859,"FIØE","1950-53",NULL,NULL,0
21860,"GAMO","1950-53",NULL,NULL,0
21861,"GUEN","1950-53",NULL,NULL,0
21862,"GUGR","1950-53",NULL,NULL,0
21863,"GUKA","1950-53",NULL,NULL,0
21864,"GUNA","1950-53",NULL,NULL,0
21865,"HABK","1950-53",NULL,NULL,0
21866,"HABO","1950-53",NULL,NULL,0
21867,"HABU","1950-53",NULL,NULL,0
21868,"HACH","1950-53",NULL,NULL,0
21869,"HAEV","1950-53",NULL,NULL,0
21870,"HAHL","1950-53",NULL,NULL,0
21871,"HAKL","1950-53",NULL,NULL,0
21872,"HALN","1950-53",NULL,NULL,0
21873,"HALØ","1950-53",NULL,NULL,0
21874,"HASD","1950-53",NULL,NULL,0
21875,"HASE","1950-53",NULL,NULL,0
21876,"HASR","1950-53",NULL,NULL,0
21877,"HEJA","1950-53",NULL,NULL,0
21878,"HESM","1950-53",NULL,NULL,0
21879,"HRSV","1950-53",NULL,NULL,0
21880,"HÅBR","1950-53",NULL,NULL,0
21881,"HÅJO","1950-53",NULL,NULL,0
21882,"INJA","1950-53",NULL,NULL,0
21883,"INTØ","1950-53",NULL,NULL,0
21884,"ISFL","1950-53",NULL,NULL,0
21885,"IVHO","1950-53",NULL,NULL,0
21886,"IVNO","1950-53",NULL,NULL,0
21887,"JAFS","1950-53",NULL,NULL,0
21888,"JALO","1950-53",NULL,NULL,0
21889,"JAPE","1950-53",NULL,NULL,0
21890,"JARE","1950-53",NULL,NULL,0
21891,"JELN","1950-53",NULL,NULL,0
21892,"JEST","1950-53",NULL,NULL,0
21893,"JHWI","1950-53",NULL,NULL,0
21894,"JOAN","1950-53",NULL,NULL,0
21895,"JODA","1950-53",NULL,NULL,0
21896,"JOEN","1950-53",NULL,NULL,0
21897,"JOLE","1950-53",NULL,NULL,0
21898,"JOLK","1950-53",NULL,NULL,0
21899,"JOLY","1950-53",NULL,NULL,0
21900,"JOOL","1950-53",NULL,NULL,0
21901,"JOPE","1950-53",NULL,NULL,0
21902,"KAED","1950-53",NULL,NULL,0
21903,"KJBN","1950-53",NULL,NULL,0
21904,"KLSK","1950-53",NULL,NULL,0
21905,"KNST","1950-53",NULL,NULL,0
21906,"KNTO","1950-53",NULL,NULL,0
21907,"KNYT","1950-53",NULL,NULL,0
21908,"KOKN","1950-53",NULL,NULL,0
21909,"KOVA","1950-53",NULL,NULL,0
21910,"KRFJ","1950-53",NULL,NULL,0
21911,"KRGR","1950-53",NULL,NULL,0
21912,"KRLA","1950-53",NULL,NULL,0
21913,"LABR","1950-53",NULL,NULL,0
21914,"LAGJ","1950-53",NULL,NULL,0
21915,"LAMO","1950-53",NULL,NULL,0
21916,"LARA","1950-53",NULL,NULL,0
21917,"LEGR","1950-53",NULL,NULL,0
21918,"LITM","1950-53",NULL,NULL,0
21919,"LOHO","1950-53",NULL,NULL,0
21920,"MAHA","1950-53",NULL,NULL,0
21921,"MASM","1950-53",NULL,NULL,0
21922,"MOLØ","1950-53",NULL,NULL,0
21923,"NEVA","1950-53",NULL,NULL,0
21924,"NIHØ","1950-53",NULL,NULL,0
21925,"NIJA","1950-53",NULL,NULL,0
21926,"NILA","1950-53",NULL,NULL,0
21927,"NILV","1950-53",NULL,NULL,0
21928,"NINI","1950-53",NULL,NULL,0
21929,"NINL","1950-53",NULL,NULL,0
21930,"OLBE","1950-53",NULL,NULL,0
21931,"OLKO","1950-53",NULL,NULL,0
21932,"OLME","1950-53",NULL,NULL,0
21933,"OLNL","1950-53",NULL,NULL,0
21934,"OLOK","1950-53",NULL,NULL,0
21935,"OLRN","1950-53",NULL,NULL,0
21936,"OLSØ","1950-53",NULL,NULL,0
21937,"OLVE","1950-53",NULL,NULL,0
21938,"OLWA","1950-53",NULL,NULL,0
21939,"OSTO","1950-53",NULL,NULL,0
21940,"PABE","1950-53",NULL,NULL,0
21941,"PADA","1950-53",NULL,NULL,0
21942,"PAIN","1950-53",NULL,NULL,0
21943,"PALI","1950-53",NULL,NULL,0
21944,"PASU","1950-53",NULL,NULL,0
21945,"PEAL","1950-53",NULL,NULL,0
21946,"PEAV","1950-53",NULL,NULL,0
21947,"PEBO","1950-53",NULL,NULL,0
21948,"PEJA","1950-53",NULL,NULL,0
21949,"RAGU","1950-53",NULL,NULL,0
21950,"RASW","1950-53",NULL,NULL,0
21951,"RECA","1950-53",NULL,NULL,0
21952,"RELY","1950-53",NULL,NULL,0
21953,"RESR","1950-53",NULL,NULL,0
21954,"REAA","1950-53",NULL,NULL,0
21955,"ROST","1950-53",NULL,NULL,0
21956,"SILE","1950-53",NULL,NULL,0
21957,"SIPE","1950-53",NULL,NULL,0
21958,"SJLI","1950-53",NULL,NULL,0
21959,"SVHO","1950-53",NULL,NULL,0
21960,"SVLØ","1950-53",NULL,NULL,0
21961,"SVNI","1950-53",NULL,NULL,0
21962,"SYME","1950-53",NULL,NULL,0
21963,"TIEV","1950-53",NULL,NULL,0
21964,"TOBR","1950-53",NULL,NULL,0
21965,"TOHD","1950-53",NULL,NULL,0
21966,"TOKN","1950-53",NULL,NULL,0
21967,"TOSL","1950-53",NULL,NULL,0
21968,"TRBR","1950-53",NULL,NULL,0
21969,"TRHE","1950-53",NULL,NULL,0
21970,"TRUT","1950-53",NULL,NULL,0
21971,"TRWI","1950-53",NULL,NULL,0
21972,"ULOL","1950-53",NULL,NULL,0
21973,"WIBR","1950-53",NULL,NULL,0
21974,"WIIN","1950-53",NULL,NULL,0
21975,"AAKU","1950-53",NULL,NULL,0
21976,"ALKJ","1954-57",NULL,NULL,0
21977,"ALNI","1954-57",NULL,NULL,0
21978,"AMSK","1954-57",NULL,NULL,0
21979,"ANAL","1954-57",NULL,NULL,0
21980,"ANBØ","1954-57",NULL,NULL,0
21981,"ANHV","1954-57",NULL,NULL,0
21982,"ANRY","1954-57",NULL,NULL,0
21983,"ANSØ","1954-57",NULL,NULL,0
21984,"ARAK","1954-57",NULL,NULL,0
21985,"ARAR","1954-57",NULL,NULL,0
21986,"ARMØ","1954-57",NULL,NULL,0
21987,"ARNE","1954-57",NULL,NULL,0
21988,"ARSD","1954-57",NULL,NULL,0
21989,"ARSØ","1954-57",NULL,NULL,0
21990,"ASSK","1954-57",NULL,NULL,0
21991,"ASSO","1954-57",NULL,NULL,0
21992,"BEIN","1954-57",NULL,NULL,0
21993,"BERO","1954-57",NULL,NULL,0
21994,"BERØ","1954-57",NULL,NULL,0
21995,"BJFJ","1954-57",NULL,NULL,0
21996,"BJHN","1954-57",NULL,NULL,0
21997,"BJSO","1954-57",NULL,NULL,0
21998,"CAHM","1954-57",NULL,NULL,0
21999,"CLOL","1954-57",NULL,NULL,0
22000,"EIFR","1954-57",NULL,NULL,0
22001,"EIGE","1954-57",NULL,NULL,0
22002,"EIHR","1954-57",NULL,NULL,0
22003,"EILI","1954-57",NULL,NULL,0
22004,"EIST","1954-57",NULL,NULL,0
22005,"ELVA","1954-57",NULL,NULL,0
22006,"EMLØ","1954-57",NULL,NULL,0
22007,"ENVE","1954-57",NULL,NULL,0
22008,"EREN","1954-57",NULL,NULL,0
22009,"ERFR","1954-57",NULL,NULL,0
22010,"ERNO","1954-57",NULL,NULL,0
22011,"ERPE","1954-57",NULL,NULL,0
22012,"ERVI","1954-57",NULL,NULL,0
22013,"ERWI","1954-57",NULL,NULL,0
22014,"FIMO","1954-57",NULL,NULL,0
22015,"FRVI","1954-57",NULL,NULL,0
22016,"GOHØ","1954-57",NULL,NULL,0
22017,"GUEN","1954-57",NULL,NULL,0
22018,"GUKA","1954-57",NULL,NULL,0
22019,"HABO","1954-57",NULL,NULL,0
22020,"HÅBR","1954-57",NULL,NULL,0
22021,"HACH","1954-57",NULL,NULL,0
22022,"HAEV","1954-57",NULL,NULL,0
22023,"HAKL","1954-57",NULL,NULL,0
22024,"HALN","1954-57",NULL,NULL,0
22025,"HALØ","1954-57",NULL,NULL,0
22026,"HAOM","1954-57",NULL,NULL,0
22027,"HASE","1954-57",NULL,NULL,0
22028,"HASR","1954-57",NULL,NULL,0
22029,"HATR","1954-57",NULL,NULL,0
22030,"HEJA","1954-57",NULL,NULL,0
22031,"HESE","1954-57",NULL,NULL,0
22032,"HESM","1954-57",NULL,NULL,0
22033,"HESV","1954-57",NULL,NULL,0
22034,"HJST","1954-57",NULL,NULL,0
22035,"HRSV","1954-57",NULL,NULL,0
22036,"HÅJO","1954-57",NULL,NULL,0
22037,"HÅKY","1954-57",NULL,NULL,0
22038,"IEB","1954-57",NULL,NULL,0
22039,"INJA","1954-57",NULL,NULL,0
22040,"ISFL","1954-57",NULL,NULL,0
22041,"IVEI","1954-57",NULL,NULL,0
22042,"IVHO","1954-57",NULL,NULL,0
22043,"IVNO","1954-57",NULL,NULL,0
22044,"JAPE","1954-57",NULL,NULL,0
22045,"JARE","1954-57",NULL,NULL,0
22046,"JEHU","1954-57",NULL,NULL,0
22047,"JEST","1954-57",NULL,NULL,0
22048,"JHWI","1954-57",NULL,NULL,0
22049,"JOAN","1954-57",NULL,NULL,0
22050,"JOEN","1954-57",NULL,NULL,0
22051,"JOKA","1954-57",NULL,NULL,0
22052,"JOLE","1954-57",NULL,NULL,0
22053,"JOOL","1954-57",NULL,NULL,0
22054,"JOWA","1954-57",NULL,NULL,0
22055,"JSJ","1954-57",NULL,NULL,0
22056,"JØGR","1954-57",NULL,NULL,0
22057,"KAKA","1954-57",NULL,NULL,0
22058,"KJBN","1954-57",NULL,NULL,0
22059,"KJAA","1954-57",NULL,NULL,0
22060,"KLSK","1954-57",NULL,NULL,0
22061,"KNST","1954-57",NULL,NULL,0
22062,"KNTO","1954-57",NULL,NULL,0
22063,"KNVI","1954-57",NULL,NULL,0
22064,"KNYT","1954-57",NULL,NULL,0
22065,"KOKN","1954-57",NULL,NULL,0
22066,"KOVA","1954-57",NULL,NULL,0
22067,"KRAS","1954-57",NULL,NULL,0
22068,"KRFJ","1954-57",NULL,NULL,0
22069,"LAEV","1954-57",NULL,NULL,0
22070,"LAMO","1954-57",NULL,NULL,0
22071,"LARA","1954-57",NULL,NULL,0
22072,"LARI","1954-57",NULL,NULL,0
22073,"LASÆ","1954-57",NULL,NULL,0
22074,"LEGR","1954-57",NULL,NULL,0
22075,"LITM","1954-57",NULL,NULL,0
22076,"LOHO","1954-57",NULL,NULL,0
22077,"MAHA","1954-57",NULL,NULL,0
22078,"MASM","1954-57",NULL,NULL,0
22079,"MOLØ","1954-57",NULL,NULL,0
22080,"NEVA","1954-57",NULL,NULL,0
22081,"NIHØ","1954-57",NULL,NULL,0
22082,"NIJA","1954-57",NULL,NULL,0
22083,"NILA","1954-57",NULL,NULL,0
22084,"ODHO","1954-57",NULL,NULL,0
22085,"OLBE","1954-57",NULL,NULL,0
22086,"OLBR","1954-57",NULL,NULL,0
22087,"OLHR","1954-57",NULL,NULL,0
22088,"OLHØ","1954-57",NULL,NULL,0
22089,"OLJØ","1954-57",NULL,NULL,0
22090,"OLKD","1954-57",NULL,NULL,0
22091,"OLLA","1954-57",NULL,NULL,0
22092,"OLME","1954-57",NULL,NULL,0
22093,"OLOL","1954-57",NULL,NULL,0
22094,"OLSØ","1954-57",NULL,NULL,0
22095,"OLVE","1954-57",NULL,NULL,0
22096,"OLWA","1954-57",NULL,NULL,0
22097,"OSTO","1954-57",NULL,NULL,0
22098,"OTDA","1954-57",NULL,NULL,0
22099,"PABE","1954-57",NULL,NULL,0
22100,"PADA","1954-57",NULL,NULL,0
22101,"PAIN","1954-57",NULL,NULL,0
22102,"PALI","1954-57",NULL,NULL,0
22103,"PEBO","1954-57",NULL,NULL,0
22104,"PEHE","1954-57",NULL,NULL,0
22105,"PEJA","1954-57",NULL,NULL,0
22106,"PEML","1954-57",NULL,NULL,0
22107,"RASW","1954-57",NULL,NULL,0
22108,"RECA","1954-57",NULL,NULL,0
22109,"RELY","1954-57",NULL,NULL,0
22110,"RESR","1954-57",NULL,NULL,0
22111,"REAA","1954-57",NULL,NULL,0
22112,"RIBR","1954-57",NULL,NULL,0
22113,"SIHM","1954-57",NULL,NULL,0
22114,"SILE","1954-57",NULL,NULL,0
22115,"SVLØ","1954-57",NULL,NULL,0
22116,"SVNY","1954-57",NULL,NULL,0
22117,"SVRS","1954-57",NULL,NULL,0
22118,"TOBR","1954-57",NULL,NULL,0
22119,"TOKV","1954-57",NULL,NULL,0
22120,"TOSL","1954-57",NULL,NULL,0
22121,"TRBR","1954-57",NULL,NULL,0
22122,"TRHE","1954-57",NULL,NULL,0
22123,"TRWI","1954-57",NULL,NULL,0
22124,"ULOL","1954-57",NULL,NULL,0
22125,"WIBR","1954-57",NULL,NULL,0
22126,"ALKJ","1958-61",NULL,NULL,0
22127,"ALTH","1958-61",NULL,NULL,0
22128,"ANBØ","1958-61",NULL,NULL,0
22129,"ANSØ","1958-61",NULL,NULL,0
22130,"ANWO","1958-61",NULL,NULL,0
22131,"ARJO","1958-61",NULL,NULL,0
22132,"ARSØ","1958-61",NULL,NULL,0
22133,"ASSO","1958-61",NULL,NULL,0
22134,"BEIN","1958-61",NULL,NULL,0
22135,"BERO","1958-61",NULL,NULL,0
22136,"BERØ","1958-61",NULL,NULL,0
22137,"BIBR","1958-61",NULL,NULL,0
22138,"BJFJ","1958-61",NULL,NULL,0
22139,"BJHN","1958-61",NULL,NULL,0
22140,"BJSO","1958-61",NULL,NULL,0
22141,"BJSØ","1958-61",NULL,NULL,0
22142,"BOBR","1958-61",NULL,NULL,0
22143,"CLOL","1958-61",NULL,NULL,0
22144,"EIGE","1958-61",NULL,NULL,0
22145,"EIHR","1958-61",NULL,NULL,0
22146,"EIHV","1958-61",NULL,NULL,0
22147,"EILI","1958-61",NULL,NULL,0
22148,"EIST","1958-61",NULL,NULL,0
22149,"ELVA","1958-61",NULL,NULL,0
22150,"EMLØ","1958-61",NULL,NULL,0
22151,"EREN","1958-61",NULL,NULL,0
22152,"ERFR","1958-61",NULL,NULL,0
22153,"ERNO","1958-61",NULL,NULL,0
22154,"ERPE","1958-61",NULL,NULL,0
22155,"ERVI","1958-61",NULL,NULL,0
22156,"ERWI","1958-61",NULL,NULL,0
22157,"FIMO","1958-61",NULL,NULL,0
22158,"FRVI","1958-61",NULL,NULL,0
22159,"GUEN","1958-61",NULL,NULL,0
22160,"GUGA","1958-61",NULL,NULL,0
22161,"GUGR","1958-61",NULL,NULL,0
22162,"GUJO","1958-61",NULL,NULL,0
22163,"GUKA","1958-61",NULL,NULL,0
22164,"GUMY","1958-61",NULL,NULL,0
22165,"GUSJ","1958-61",NULL,NULL,0
22166,"HABO","1958-61",NULL,NULL,0
22167,"HÅBR","1958-61",NULL,NULL,0
22168,"HABU","1958-61",NULL,NULL,0
22169,"HACH","1958-61",NULL,NULL,0
22170,"HAKL","1958-61",NULL,NULL,0
22171,"HALN","1958-61",NULL,NULL,0
22172,"HALØ","1958-61",NULL,NULL,0
22173,"HAOF","1958-61",NULL,NULL,0
22174,"HAOM","1958-61",NULL,NULL,0
22175,"HASA","1958-61",NULL,NULL,0
22176,"HASE","1958-61",NULL,NULL,0
22177,"HASR","1958-61",NULL,NULL,0
22178,"HAWA","1958-61",NULL,NULL,0
22179,"HEJA","1958-61",NULL,NULL,0
22180,"HESE","1958-61",NULL,NULL,0
22181,"HESV","1958-61",NULL,NULL,0
22182,"HJST","1958-61",NULL,NULL,0
22183,"HRSV","1958-61",NULL,NULL,0
22184,"HÅJO","1958-61",NULL,NULL,0
22185,"HÅKY","1958-61",NULL,NULL,0
22186,"IEB","1958-61",NULL,NULL,0
22187,"INBA","1958-61",NULL,NULL,0
22188,"INJA","1958-61",NULL,NULL,0
22189,"ISFL","1958-61",NULL,NULL,0
22190,"IVEI","1958-61",NULL,NULL,0
22191,"IVUN","1958-61",NULL,NULL,0
22192,"JAPE","1958-61",NULL,NULL,0
22193,"JARE","1958-61",NULL,NULL,0
22194,"JEHU","1958-61",NULL,NULL,0
22195,"JOAN","1958-61",NULL,NULL,0
22196,"JOEN","1958-61",NULL,NULL,0
22197,"JOKA","1958-61",NULL,NULL,0
22198,"JOLE","1958-61",NULL,NULL,0
22199,"JOLY","1958-61",NULL,NULL,0
22200,"JOOL","1958-61",NULL,NULL,0
22201,"JOWA","1958-61",NULL,NULL,0
22202,"KABM","1958-61",NULL,NULL,0
22203,"KAGR","1958-61",NULL,NULL,0
22204,"KJBN","1958-61",NULL,NULL,0
22205,"KNTO","1958-61",NULL,NULL,0
22206,"KNVI","1958-61",NULL,NULL,0
22207,"KNYT","1958-61",NULL,NULL,0
22208,"KONO","1958-61",NULL,NULL,0
22209,"KOVA","1958-61",NULL,NULL,0
22210,"KRFJ","1958-61",NULL,NULL,0
22211,"KÅWI","1958-61",NULL,NULL,0
22212,"LALI","1958-61",NULL,NULL,0
22213,"LARA","1958-61",NULL,NULL,0
22214,"LASÆ","1958-61",NULL,NULL,0
22215,"LEGR","1958-61",NULL,NULL,0
22216,"LITM","1958-61",NULL,NULL,0
22217,"LOHO","1958-61",NULL,NULL,0
22218,"MAHA","1958-61",NULL,NULL,0
22219,"MAJO","1958-61",NULL,NULL,0
22220,"MAMU","1958-61",NULL,NULL,0
22221,"MOLØ","1958-61",NULL,NULL,0
22222,"NIHØ","1958-61",NULL,NULL,0
22223,"NIJA","1958-61",NULL,NULL,0
22224,"NILA","1958-61",NULL,NULL,0
22225,"NILY","1958-61",NULL,NULL,0
22226,"ODHO","1958-61",NULL,NULL,0
22227,"OLBE","1958-61",NULL,NULL,0
22228,"OLBR","1958-61",NULL,NULL,0
22229,"OLHR","1958-61",NULL,NULL,0
22230,"OLJØ","1958-61",NULL,NULL,0
22231,"OLKD","1958-61",NULL,NULL,0
22232,"OLLA","1958-61",NULL,NULL,0
22233,"OLME","1958-61",NULL,NULL,0
22234,"OLOL","1958-61",NULL,NULL,0
22235,"OLSA","1958-61",NULL,NULL,0
22236,"OLVE","1958-61",NULL,NULL,0
22237,"OLWA","1958-61",NULL,NULL,0
22238,"OSSK","1958-61",NULL,NULL,0
22239,"OSTO","1958-61",NULL,NULL,0
22240,"OTDA","1958-61",NULL,NULL,0
22241,"OTLY","1958-61",NULL,NULL,0
22242,"PABE","1958-61",NULL,NULL,0
22243,"PAIN","1958-61",NULL,NULL,0
22244,"PALI","1958-61",NULL,NULL,0
22245,"PEBO","1958-61",NULL,NULL,0
22246,"PEHE","1958-61",NULL,NULL,0
22247,"PEJA","1958-61",NULL,NULL,0
22248,"PELØ","1958-61",NULL,NULL,0
22249,"PEML","1958-61",NULL,NULL,0
22250,"PERI","1958-61",NULL,NULL,0
22251,"PTMO","1958-61",NULL,NULL,0
22252,"RACH","1958-61",NULL,NULL,0
22253,"RASW","1958-61",NULL,NULL,0
22254,"RECA","1958-61",NULL,NULL,0
22255,"RESR","1958-61",NULL,NULL,0
22256,"REAA","1958-61",NULL,NULL,0
22257,"RIBR","1958-61",NULL,NULL,0
22258,"RAAD","1958-61",NULL,NULL,0
22259,"SIHM","1958-61",NULL,NULL,0
22260,"SITO","1958-61",NULL,NULL,0
22261,"SUMØ","1958-61",NULL,NULL,0
22262,"SVLØ","1958-61",NULL,NULL,0
22263,"SVNY","1958-61",NULL,NULL,0
22264,"SVST","1958-61",NULL,NULL,0
22265,"THTR","1958-61",NULL,NULL,0
22266,"TOBR","1958-61",NULL,NULL,0
22267,"TOKV","1958-61",NULL,NULL,0
22268,"TOSL","1958-61",NULL,NULL,0
22269,"TOTA","1958-61",NULL,NULL,0
22270,"TRBR","1958-61",NULL,NULL,0
22271,"TRHE","1958-61",NULL,NULL,0
22272,"TRHG","1958-61",NULL,NULL,0
22273,"TRWI","1958-61",NULL,NULL,0
22274,"ULOL","1958-61",NULL,NULL,0
22275,"AALI","1958-61",NULL,NULL,0
22276,"ALHE","1961-65",NULL,NULL,0
22277,"ALKJ","1961-65",NULL,NULL,0
22278,"ALTH","1961-65",NULL,NULL,0
22279,"ANSØ","1961-65",NULL,NULL,0
22280,"ANWO","1961-65",NULL,NULL,0
22281,"ASHO","1961-65",NULL,NULL,0
22282,"ASLL","1961-65",NULL,NULL,0
22283,"BEIN","1961-65",NULL,NULL,0
22284,"BEKR","1961-65",NULL,NULL,0
22285,"BERO","1961-65",NULL,NULL,0
22286,"BERØ","1961-65",NULL,NULL,0
22287,"BJHN","1961-65",NULL,NULL,0
22288,"BJLY","1961-65",NULL,NULL,0
22289,"BJSØ","1961-65",NULL,NULL,0
22290,"BJUN","1961-65",NULL,NULL,0
22291,"BOBR","1961-65",NULL,NULL,0
22292,"CLNE","1961-65",NULL,NULL,0
22293,"EDFJ","1961-65",NULL,NULL,0
22294,"EDHA","1961-65",NULL,NULL,0
22295,"EGAA","1961-65",NULL,NULL,0
22296,"EIGE","1961-65",NULL,NULL,0
22297,"EIHR","1961-65",NULL,NULL,0
22298,"EIHV","1961-65",NULL,NULL,0
22299,"EILI","1961-65",NULL,NULL,0
22300,"EIST","1961-65",NULL,NULL,0
22301,"EIWØ","1961-65",NULL,NULL,0
22302,"ERBA","1961-65",NULL,NULL,0
22303,"EREN","1961-65",NULL,NULL,0
22304,"ERFR","1961-65",NULL,NULL,0
22305,"ERNR","1961-65",NULL,NULL,0
22306,"ERPE","1961-65",NULL,NULL,0
22307,"FIGU","1961-65",NULL,NULL,0
22308,"FIMO","1961-65",NULL,NULL,0
22309,"FRVI","1961-65",NULL,NULL,0
22310,"GUEK","1961-65",NULL,NULL,0
22311,"GUEN","1961-65",NULL,NULL,0
22312,"GUGA","1961-65",NULL,NULL,0
22313,"GUGR","1961-65",NULL,NULL,0
22314,"GUHA","1961-65",NULL,NULL,0
22315,"GUHS","1961-65",NULL,NULL,0
22316,"GUJO","1961-65",NULL,NULL,0
22317,"GUKA","1961-65",NULL,NULL,0
22318,"GUMY","1961-65",NULL,NULL,0
22319,"HABO","1961-65",NULL,NULL,0
22320,"HÅBR","1961-65",NULL,NULL,0
22321,"HAKL","1961-65",NULL,NULL,0
22322,"HALN","1961-65",NULL,NULL,0
22323,"HALØ","1961-65",NULL,NULL,0
22324,"HAOF","1961-65",NULL,NULL,0
22325,"HAOM","1961-65",NULL,NULL,0
22326,"HASA","1961-65",NULL,NULL,0
22327,"HASE","1961-65",NULL,NULL,0
22328,"HASØ","1961-65",NULL,NULL,0
22329,"HATJ","1961-65",NULL,NULL,0
22330,"HAWA","1961-65",NULL,NULL,0
22331,"HEJA","1961-65",NULL,NULL,0
22332,"HEJK","1961-65",NULL,NULL,0
22333,"HJST","1961-65",NULL,NULL,0
22334,"HRSV","1961-65",NULL,NULL,0
22335,"HÅJO","1961-65",NULL,NULL,0
22336,"HÅKY","1961-65",NULL,NULL,0
22337,"IEB","1961-65",NULL,NULL,0
22338,"INBA","1961-65",NULL,NULL,0
22339,"INHE","1961-65",NULL,NULL,0
22340,"ISFL","1961-65",NULL,NULL,0
22341,"IVEI","1961-65",NULL,NULL,0
22342,"IVUN","1961-65",NULL,NULL,0
22343,"JAPE","1961-65",NULL,NULL,0
22344,"JARE","1961-65",NULL,NULL,0
22345,"JEHU","1961-65",NULL,NULL,0
22346,"JOAN","1961-65",NULL,NULL,0
22347,"JOAS","1961-65",NULL,NULL,0
22348,"JOEN","1961-65",NULL,NULL,0
22349,"JOKA","1961-65",NULL,NULL,0
22350,"JOLE","1961-65",NULL,NULL,0
22351,"JOLY","1961-65",NULL,NULL,0
22352,"JOOL","1961-65",NULL,NULL,0
22353,"JOWA","1961-65",NULL,NULL,0
22354,"JØGR","1961-65",NULL,NULL,0
22355,"KABM","1961-65",NULL,NULL,0
22356,"KAGØ","1961-65",NULL,NULL,0
22357,"KJBN","1961-65",NULL,NULL,0
22358,"KNTO","1961-65",NULL,NULL,0
22359,"KNYT","1961-65",NULL,NULL,0
22360,"KONO","1961-65",NULL,NULL,0
22361,"KOVA","1961-65",NULL,NULL,0
22362,"KRAS","1961-65",NULL,NULL,0
22363,"KRLA","1961-65",NULL,NULL,0
22364,"KRRE","1961-65",NULL,NULL,0
22365,"KÅHN","1961-65",NULL,NULL,0
22366,"KÅWI","1961-65",NULL,NULL,0
22367,"LAKO","1961-65",NULL,NULL,0
22368,"LALI","1961-65",NULL,NULL,0
22369,"LARA","1961-65",NULL,NULL,0
22370,"LEGR","1961-65",NULL,NULL,0
22371,"LITM","1961-65",NULL,NULL,0
22372,"LOHO","1961-65",NULL,NULL,0
22373,"LUBO","1961-65",NULL,NULL,0
22374,"LAAA","1961-65",NULL,NULL,0
22375,"MAHA","1961-65",NULL,NULL,0
22376,"MAJO","1961-65",NULL,NULL,0
22377,"MAMU","1961-65",NULL,NULL,0
22378,"MASN","1961-65",NULL,NULL,0
22379,"MATØ","1961-65",NULL,NULL,0
22380,"NIHØ","1961-65",NULL,NULL,0
22381,"NIJA","1961-65",NULL,NULL,0
22382,"NILA","1961-65",NULL,NULL,0
22383,"NILY","1961-65",NULL,NULL,0
22384,"ODHO","1961-65",NULL,NULL,0
22385,"ODNO","1961-65",NULL,NULL,0
22386,"OLBR","1961-65",NULL,NULL,0
22387,"OLDA","1961-65",NULL,NULL,0
22388,"OLEI","1961-65",NULL,NULL,0
22389,"OLHR","1961-65",NULL,NULL,0
22390,"OLJØ","1961-65",NULL,NULL,0
22391,"OLKD","1961-65",NULL,NULL,0
22392,"OLLA","1961-65",NULL,NULL,0
22393,"OLSA","1961-65",NULL,NULL,0
22394,"OLWA","1961-65",NULL,NULL,0
22395,"OSSK","1961-65",NULL,NULL,0
22396,"OTDA","1961-65",NULL,NULL,0
22397,"OTLY","1961-65",NULL,NULL,0
22398,"PABE","1961-65",NULL,NULL,0
22399,"PEBO","1961-65",NULL,NULL,0
22400,"PELØ","1961-65",NULL,NULL,0
22401,"PERI","1961-65",NULL,NULL,0
22402,"PTMO","1961-65",NULL,NULL,0
22403,"RACH","1961-65",NULL,NULL,0
22404,"RASW","1961-65",NULL,NULL,0
22405,"RESR","1961-65",NULL,NULL,0
22406,"REAA","1961-65",NULL,NULL,0
22407,"RIBR","1961-65",NULL,NULL,0
22408,"ROSC","1961-65",NULL,NULL,0
22409,"SIHM","1961-65",NULL,NULL,0
22410,"SITO","1961-65",NULL,NULL,0
22411,"SUMØ","1961-65",NULL,NULL,0
22412,"SVFL","1961-65",NULL,NULL,0
22413,"SVLØ","1961-65",NULL,NULL,0
22414,"SVNY","1961-65",NULL,NULL,0
22415,"SVST","1961-65",NULL,NULL,0
22416,"THFO","1961-65",NULL,NULL,0
22417,"THTR","1961-65",NULL,NULL,0
22418,"TOHV","1961-65",NULL,NULL,0
22419,"TOKV","1961-65",NULL,NULL,0
22420,"TOSL","1961-65",NULL,NULL,0
22421,"TOTA","1961-65",NULL,NULL,0
22422,"TRBR","1961-65",NULL,NULL,0
22423,"TRHE","1961-65",NULL,NULL,0
22424,"TRWI","1961-65",NULL,NULL,0
22425,"AALI","1961-65",NULL,NULL,0
22426,"ALHE","1965-69",NULL,NULL,0
22427,"ALTH","1965-69",NULL,NULL,0
22428,"ANSØ","1965-69",NULL,NULL,0
22429,"ANWO","1965-69",NULL,NULL,0
22430,"ARHA","1965-69",NULL,NULL,0
22431,"ARJO","1965-69",NULL,NULL,0
22432,"ARNI","1965-69",NULL,NULL,0
22433,"ASHO","1965-69",NULL,NULL,0
22434,"ASLL","1965-69",NULL,NULL,0
22435,"BEIN","1965-69",NULL,NULL,0
22436,"BERO","1965-69",NULL,NULL,0
22437,"BERØ","1965-69",NULL,NULL,0
22438,"BJFL","1965-69",NULL,NULL,0
22439,"BJHN","1965-69",NULL,NULL,0
22440,"BJLY","1965-69",NULL,NULL,0
22441,"BJUN","1965-69",NULL,NULL,0
22442,"BOHA","1965-69",NULL,NULL,0
22443,"EDED","1965-69",NULL,NULL,0
22444,"EDHA","1965-69",NULL,NULL,0
22445,"EGEN","1965-69",NULL,NULL,0
22446,"EIGE","1965-69",NULL,NULL,0
22447,"EIHV","1965-69",NULL,NULL,0
22448,"EILI","1965-69",NULL,NULL,0
22449,"EIST","1965-69",NULL,NULL,0
22450,"ERBA","1965-69",NULL,NULL,0
22451,"EREN","1965-69",NULL,NULL,0
22452,"ERNR","1965-69",NULL,NULL,0
22453,"ERPE","1965-69",NULL,NULL,0
22454,"ERST","1965-69",NULL,NULL,0
22455,"FIGU","1965-69",NULL,NULL,0
22456,"FIMO","1965-69",NULL,NULL,0
22457,"GUEK","1965-69",NULL,NULL,0
22458,"GUGA","1965-69",NULL,NULL,0
22459,"GUHA","1965-69",NULL,NULL,0
22460,"GUHS","1965-69",NULL,NULL,0
22461,"GUJO","1965-69",NULL,NULL,0
22462,"GULA","1965-69",NULL,NULL,0
22463,"HABJ","1965-69",NULL,NULL,0
22464,"HABO","1965-69",NULL,NULL,0
22465,"HÅBR","1965-69",NULL,NULL,0
22466,"HAHG","1965-69",NULL,NULL,0
22467,"HAKL","1965-69",NULL,NULL,0
22468,"HALN","1965-69",NULL,NULL,0
22469,"HALØ","1965-69",NULL,NULL,0
22470,"HARO","1965-69",NULL,NULL,0
22471,"HASA","1965-69",NULL,NULL,0
22472,"HASE","1965-69",NULL,NULL,0
22473,"HASØ","1965-69",NULL,NULL,0
22474,"HATJ","1965-69",NULL,NULL,0
22475,"HAWA","1965-69",NULL,NULL,0
22476,"HEJK","1965-69",NULL,NULL,0
22477,"HESE","1965-69",NULL,NULL,0
22478,"HÅJO","1965-69",NULL,NULL,0
22479,"HÅKY","1965-69",NULL,NULL,0
22480,"IEB","1965-69",NULL,NULL,0
22481,"INBA","1965-69",NULL,NULL,0
22482,"INHE","1965-69",NULL,NULL,0
22483,"INTU","1965-69",NULL,NULL,0
22484,"INUL","1965-69",NULL,NULL,0
22485,"IVUN","1965-69",NULL,NULL,0
22486,"JEHU","1965-69",NULL,NULL,0
22487,"JOAN","1965-69",NULL,NULL,0
22488,"JOAS","1965-69",NULL,NULL,0
22489,"JOBE","1965-69",NULL,NULL,0
22490,"JOEN","1965-69",NULL,NULL,0
22491,"JOGL","1965-69",NULL,NULL,0
22492,"JOLE","1965-69",NULL,NULL,0
22493,"JOSØ","1965-69",NULL,NULL,0
22494,"JOWA","1965-69",NULL,NULL,0
22495,"JOØS","1965-69",NULL,NULL,0
22496,"JOØT","1965-69",NULL,NULL,0
22497,"JAAA","1965-69",NULL,NULL,0
22498,"KABM","1965-69",NULL,NULL,0
22499,"KAME","1965-69",NULL,NULL,0
22500,"KASE","1965-69",NULL,NULL,0
22501,"KJLA","1965-69",NULL,NULL,0
22502,"KNMR","1965-69",NULL,NULL,0
22503,"KNTO","1965-69",NULL,NULL,0
22504,"KRAS","1965-69",NULL,NULL,0
22505,"KRRE","1965-69",NULL,NULL,0
22506,"KÅHN","1965-69",NULL,NULL,0
22507,"KÅST","1965-69",NULL,NULL,0
22508,"KÅWI","1965-69",NULL,NULL,0
22509,"LAHO","1965-69",NULL,NULL,0
22510,"LAKO","1965-69",NULL,NULL,0
22511,"LALI","1965-69",NULL,NULL,0
22512,"LAPL","1965-69",NULL,NULL,0
22513,"LATA","1965-69",NULL,NULL,0
22514,"LEGR","1965-69",NULL,NULL,0
22515,"LUBO","1965-69",NULL,NULL,0
22516,"LUS","1965-69",NULL,NULL,0
22517,"LAAA","1965-69",NULL,NULL,0
22518,"MABU","1965-69",NULL,NULL,0
22519,"MAJO","1965-69",NULL,NULL,0
22520,"MAMU","1965-69",NULL,NULL,0
22521,"MASN","1965-69",NULL,NULL,0
22522,"MAAN","1965-69",NULL,NULL,0
22523,"NIHØ","1965-69",NULL,NULL,0
22524,"NIJA","1965-69",NULL,NULL,0
22525,"NILA","1965-69",NULL,NULL,0
22526,"NIMO","1965-69",NULL,NULL,0
22527,"ODNO","1965-69",NULL,NULL,0
22528,"OLGJ","1965-69",NULL,NULL,0
22529,"OLGÆ","1965-69",NULL,NULL,0
22530,"OLHR","1965-69",NULL,NULL,0
22531,"OLKD","1965-69",NULL,NULL,0
22532,"OLLA","1965-69",NULL,NULL,0
22533,"OSFA","1965-69",NULL,NULL,0
22534,"OSSK","1965-69",NULL,NULL,0
22535,"OTDA","1965-69",NULL,NULL,0
22536,"OTLY","1965-69",NULL,NULL,0
22537,"PASV","1965-69",NULL,NULL,0
22538,"PATH","1965-69",NULL,NULL,0
22539,"PEBO","1965-69",NULL,NULL,0
22540,"PEKA","1965-69",NULL,NULL,0
22541,"PEME","1965-69",NULL,NULL,0
22542,"PENÆ","1965-69",NULL,NULL,0
22543,"PESO","1965-69",NULL,NULL,0
22544,"PTMO","1965-69",NULL,NULL,0
22545,"RACH","1965-69",NULL,NULL,0
22546,"RASW","1965-69",NULL,NULL,0
22547,"RESR","1965-69",NULL,NULL,0
22548,"RIBR","1965-69",NULL,NULL,0
22549,"ROFJ","1965-69",NULL,NULL,0
22550,"ROHL","1965-69",NULL,NULL,0
22551,"ROSC","1965-69",NULL,NULL,0
22552,"SASA","1965-69",NULL,NULL,0
22553,"SEMO","1965-69",NULL,NULL,0
22554,"SIHM","1965-69",NULL,NULL,0
22555,"STTO","1965-69",NULL,NULL,0
22556,"SUMØ","1965-69",NULL,NULL,0
22557,"SVAN","1965-69",NULL,NULL,0
22558,"SVLØ","1965-69",NULL,NULL,0
22559,"SVNY","1965-69",NULL,NULL,0
22560,"SVRS","1965-69",NULL,NULL,0
22561,"SVST","1965-69",NULL,NULL,0
22562,"THDY","1965-69",NULL,NULL,0
22563,"THFO","1965-69",NULL,NULL,0
22564,"THMY","1965-69",NULL,NULL,0
22565,"THTR","1965-69",NULL,NULL,0
22566,"TOHV","1965-69",NULL,NULL,0
22567,"TOSL","1965-69",NULL,NULL,0
22568,"TOTA","1965-69",NULL,NULL,0
22569,"TOTY","1965-69",NULL,NULL,0
22570,"TRBR","1965-69",NULL,NULL,0
22571,"TROW","1965-69",NULL,NULL,0
22572,"TRWI","1965-69",NULL,NULL,0
22573,"VAGA","1965-69",NULL,NULL,0
22574,"ØYBJ","1965-69",NULL,NULL,0
22575,"AALI","1965-69",NULL,NULL,0
22576,"AKFO","1969-73",NULL,NULL,0
22577,"ALFO","1969-73",NULL,NULL,0
22578,"ALHE","1969-73",NULL,NULL,0
22579,"ALTH","1969-73",NULL,NULL,0
22580,"ANAU","1969-73",NULL,NULL,0
22581,"ANLO","1969-73",NULL,NULL,0
22582,"ANSL","1969-73",NULL,NULL,0
22583,"ARHA","1969-73",NULL,NULL,0
22584,"ARJO","1969-73",NULL,NULL,0
22585,"ARKI","1969-73",NULL,NULL,0
22586,"ARNI","1969-73",NULL,NULL,0
22587,"ARSÆ","1969-73",NULL,NULL,0
22588,"ARWE","1969-73",NULL,NULL,0
22589,"ASGR","1969-73",NULL,NULL,0
22590,"ASHA","1969-73",NULL,NULL,0
22591,"ASLL","1969-73",NULL,NULL,0
22592,"ASMA","1969-73",NULL,NULL,0
22593,"ASSJ","1969-73",NULL,NULL,0
22594,"ASVE","1969-73",NULL,NULL,0
22595,"BEFJ","1969-73",NULL,NULL,0
22596,"BEIN","1969-73",NULL,NULL,0
22597,"BERO","1969-73",NULL,NULL,0
22598,"BERØ","1969-73",NULL,NULL,0
22599,"BJEI","1969-73",NULL,NULL,0
22600,"BJFL","1969-73",NULL,NULL,0
22601,"BJUE","1969-73",NULL,NULL,0
22602,"BOAA","1969-73",NULL,NULL,0
22603,"EDED","1969-73",NULL,NULL,0
22604,"EDFJ","1969-73",NULL,NULL,0
22605,"EGEN","1969-73",NULL,NULL,0
22606,"EGAA","1969-73",NULL,NULL,0
22607,"EIFØ","1969-73",NULL,NULL,0
22608,"EILI","1969-73",NULL,NULL,0
22609,"EIMO","1969-73",NULL,NULL,0
22610,"ELRE","1969-73",NULL,NULL,0
22611,"EREN","1969-73",NULL,NULL,0
22612,"ERNR","1969-73",NULL,NULL,0
22613,"ERPE","1969-73",NULL,NULL,0
22614,"ERST","1969-73",NULL,NULL,0
22615,"FIKR","1969-73",NULL,NULL,0
22616,"GEIL","1969-73",NULL,NULL,0
22617,"GS","1969-73",NULL,NULL,0
22618,"GUB","1969-73",NULL,NULL,0
22619,"GUGA","1969-73",NULL,NULL,0
22620,"GUHA","1969-73",NULL,NULL,0
22621,"GUHV","1969-73",NULL,NULL,0
22622,"GUJO","1969-73",NULL,NULL,0
22623,"GULA","1969-73",NULL,NULL,0
22624,"HAEK","1969-73",NULL,NULL,0
22625,"HÅHA","1969-73",NULL,NULL,0
22626,"HAHG","1969-73",NULL,NULL,0
22627,"HALØ","1969-73",NULL,NULL,0
22628,"HARO","1969-73",NULL,NULL,0
22629,"HEEI","1969-73",NULL,NULL,0
22630,"HEJK","1969-73",NULL,NULL,0
22631,"HELS","1969-73",NULL,NULL,0
22632,"HESE","1969-73",NULL,NULL,0
22633,"HÅJO","1969-73",NULL,NULL,0
22634,"HÅKY","1969-73",NULL,NULL,0
22635,"IEB","1969-73",NULL,NULL,0
22636,"IGHE","1969-73",NULL,NULL,0
22637,"INBA","1969-73",NULL,NULL,0
22638,"INUL","1969-73",NULL,NULL,0
22639,"JEHU","1969-73",NULL,NULL,0
22640,"JOAS","1969-73",NULL,NULL,0
22641,"JOBE","1969-73",NULL,NULL,0
22642,"JOGL","1969-73",NULL,NULL,0
22643,"JOKL","1969-73",NULL,NULL,0
22644,"JOSØ","1969-73",NULL,NULL,0
22645,"JOVI","1969-73",NULL,NULL,0
22646,"JOØS","1969-73",NULL,NULL,0
22647,"JOØT","1969-73",NULL,NULL,0
22648,"JAAA","1969-73",NULL,NULL,0
22649,"KABM","1969-73",NULL,NULL,0
22650,"KASE","1969-73",NULL,NULL,0
22651,"KJFR","1969-73",NULL,NULL,0
22652,"KJLA","1969-73",NULL,NULL,0
22653,"KNFR","1969-73",NULL,NULL,0
22654,"KNMR","1969-73",NULL,NULL,0
22655,"KOST","1969-73",NULL,NULL,0
22656,"KRRE","1969-73",NULL,NULL,0
22657,"KAAS","1969-73",NULL,NULL,0
22658,"KÅST","1969-73",NULL,NULL,0
22659,"KÅWI","1969-73",NULL,NULL,0
22660,"LAHO","1969-73",NULL,NULL,0
22661,"LAKO","1969-73",NULL,NULL,0
22662,"LALA","1969-73",NULL,NULL,0
22663,"LAPL","1969-73",NULL,NULL,0
22664,"LASR","1969-73",NULL,NULL,0
22665,"LEGR","1969-73",NULL,NULL,0
22666,"LIAN","1969-73",NULL,NULL,0
22667,"LIAA","1969-73",NULL,NULL,0
22668,"LUS","1969-73",NULL,NULL,0
22669,"MABU","1969-73",NULL,NULL,0
22670,"MAJO","1969-73",NULL,NULL,0
22671,"MAMU","1969-73",NULL,NULL,0
22672,"MAAN","1969-73",NULL,NULL,0
22673,"NIJA","1969-73",NULL,NULL,0
22674,"ODFA","1969-73",NULL,NULL,0
22675,"ODNO","1969-73",NULL,NULL,0
22676,"ODVA","1969-73",NULL,NULL,0
22677,"ODVI","1969-73",NULL,NULL,0
22678,"OLKD","1969-73",NULL,NULL,0
22679,"OLKV","1969-73",NULL,NULL,0
22680,"OLMA","1969-73",NULL,NULL,0
22681,"OLRØ","1969-73",NULL,NULL,0
22682,"OLTO","1969-73",NULL,NULL,0
22683,"OSFA","1969-73",NULL,NULL,0
22684,"OTLY","1969-73",NULL,NULL,0
22685,"PASV","1969-73",NULL,NULL,0
22686,"PATH","1969-73",NULL,NULL,0
22687,"PEBO","1969-73",NULL,NULL,0
22688,"PEFU","1969-73",NULL,NULL,0
22689,"PEHY","1969-73",NULL,NULL,0
22690,"PEKA","1969-73",NULL,NULL,0
22691,"PEME","1969-73",NULL,NULL,0
22692,"PENÆ","1969-73",NULL,NULL,0
22693,"PTMO","1969-73",NULL,NULL,0
22694,"RACH","1969-73",NULL,NULL,0
22695,"ROBY","1969-73",NULL,NULL,0
22696,"ROFJ","1969-73",NULL,NULL,0
22697,"ROFU","1969-73",NULL,NULL,0
22698,"ROHL","1969-73",NULL,NULL,0
22699,"ROPR","1969-73",NULL,NULL,0
22700,"SASA","1969-73",NULL,NULL,0
22701,"SEMO","1969-73",NULL,NULL,0
22702,"SVHE","1969-73",NULL,NULL,0
22703,"SVJU","1969-73",NULL,NULL,0
22704,"SVNY","1969-73",NULL,NULL,0
22705,"SVST","1969-73",NULL,NULL,0
22706,"THDY","1969-73",NULL,NULL,0
22707,"THGY","1969-73",NULL,NULL,0
22708,"THKU","1969-73",NULL,NULL,0
22709,"THLU","1969-73",NULL,NULL,0
22710,"THMY","1969-73",NULL,NULL,0
22711,"THTR","1969-73",NULL,NULL,0
22712,"TOAN","1969-73",NULL,NULL,0
22713,"TOHV","1969-73",NULL,NULL,0
22714,"TOOF","1969-73",NULL,NULL,0
22715,"TOPI","1969-73",NULL,NULL,0
22716,"TOTY","1969-73",NULL,NULL,0
22717,"TOWE","1969-73",NULL,NULL,0
22718,"TRBR","1969-73",NULL,NULL,0
22719,"TØAN","1969-73",NULL,NULL,0
22720,"VAGA","1969-73",NULL,NULL,0
22721,"WATJ","1969-73",NULL,NULL,0
22722,"WIJA","1969-73",NULL,NULL,0
22723,"WIWO","1969-73",NULL,NULL,0
22724,"ØYBJ","1969-73",NULL,NULL,0
22725,"AALI","1969-73",NULL,NULL,0
22726,"AKFO","1973-77",NULL,NULL,0
22727,"ALBJ","1973-77",NULL,NULL,0
22728,"ALFO","1973-77",NULL,NULL,0
22729,"AMSÆ","1973-77",NULL,NULL,0
22730,"ANLA","1973-77",NULL,NULL,0
22731,"ANLO","1973-77",NULL,NULL,0
22732,"ANSE","1973-77",NULL,NULL,0
22733,"ANSL","1973-77",NULL,NULL,0
22734,"ARBE","1973-77",NULL,NULL,0
22735,"ARHA","1973-77",NULL,NULL,0
22736,"ARHE","1973-77",NULL,NULL,0
22737,"ARJO","1973-77",NULL,NULL,0
22738,"ARKI","1973-77",NULL,NULL,0
22739,"ARNI","1973-77",NULL,NULL,0
22740,"ARWE","1973-77",NULL,NULL,0
22741,"ASFD","1973-77",NULL,NULL,0
22742,"ASGJ","1973-77",NULL,NULL,0
22743,"ASHA","1973-77",NULL,NULL,0
22744,"ASMA","1973-77",NULL,NULL,0
22745,"ASSJ","1973-77",NULL,NULL,0
22746,"ASVE","1973-77",NULL,NULL,0
22747,"AUGS","1973-77",NULL,NULL,0
22748,"BBJ","1973-77",NULL,NULL,0
22749,"BEFJ","1973-77",NULL,NULL,0
22750,"BEFU","1973-77",NULL,NULL,0
22751,"BEÅS","1973-77",NULL,NULL,0
22752,"BJEI","1973-77",NULL,NULL,0
22753,"BJUE","1973-77",NULL,NULL,0
22754,"EDED","1973-77",NULL,NULL,0
22755,"EGAA","1973-77",NULL,NULL,0
22756,"EIBO","1973-77",NULL,NULL,0
22757,"EIFØ","1973-77",NULL,NULL,0
22758,"EINY","1973-77",NULL,NULL,0
22759,"ELRE","1973-77",NULL,NULL,0
22760,"ENLI","1973-77",NULL,NULL,0
22761,"ERER","1973-77",NULL,NULL,0
22762,"ERGJ","1973-77",NULL,NULL,0
22763,"ERST","1973-77",NULL,NULL,0
22764,"FIGU","1973-77",NULL,NULL,0
22765,"FIKR","1973-77",NULL,NULL,0
22766,"GEIL","1973-77",NULL,NULL,0
22767,"GEJA","1973-77",NULL,NULL,0
22768,"GEKI","1973-77",NULL,NULL,0
22769,"GUB","1973-77",NULL,NULL,0
22770,"GUHA","1973-77",NULL,NULL,0
22771,"GUHV","1973-77",NULL,NULL,0
22772,"GUJH","1973-77",NULL,NULL,0
22773,"GULA","1973-77",NULL,NULL,0
22774,"HAEK","1973-77",NULL,NULL,0
22775,"HÅHA","1973-77",NULL,NULL,0
22776,"HAHV","1973-77",NULL,NULL,0
22777,"HAKV","1973-77",NULL,NULL,0
22778,"HALI","1973-77",NULL,NULL,0
22779,"HARO","1973-77",NULL,NULL,0
22780,"HASL","1973-77",NULL,NULL,0
22781,"HEEI","1973-77",NULL,NULL,0
22782,"HÅKY","1973-77",NULL,NULL,0
22783,"HÅRA","1973-77",NULL,NULL,0
22784,"INBA","1973-77",NULL,NULL,0
22785,"JEFL","1973-77",NULL,NULL,0
22786,"JJJ","1973-77",NULL,NULL,0
22787,"JOAS","1973-77",NULL,NULL,0
22788,"JOBE","1973-77",NULL,NULL,0
22789,"JOGL","1973-77",NULL,NULL,0
22790,"JOSN","1973-77",NULL,NULL,0
22791,"JOSØ","1973-77",NULL,NULL,0
22792,"JOVI","1973-77",NULL,NULL,0
22793,"JOVÅ","1973-77",NULL,NULL,0
22794,"JOØS","1973-77",NULL,NULL,0
22795,"JPS","1973-77",NULL,NULL,0
22796,"JØSØ","1973-77",NULL,NULL,0
22797,"JAAA","1973-77",NULL,NULL,0
22798,"KAHA","1973-77",NULL,NULL,0
22799,"KAKE","1973-77",NULL,NULL,0
22800,"KIMY","1973-77",NULL,NULL,0
22801,"KJFR","1973-77",NULL,NULL,0
22802,"KJHE","1973-77",NULL,NULL,0
22803,"KMB","1973-77",NULL,NULL,0
22804,"KNFR","1973-77",NULL,NULL,0
22805,"KNHS","1973-77",NULL,NULL,0
22806,"KNMR","1973-77",NULL,NULL,0
22807,"KOST","1973-77",NULL,NULL,0
22808,"KRLØ","1973-77",NULL,NULL,0
22809,"KÅHS","1973-77",NULL,NULL,0
22810,"KÅKR","1973-77",NULL,NULL,0
22811,"KÅRØ","1973-77",NULL,NULL,0
22812,"KAAS","1973-77",NULL,NULL,0
22813,"KÅST","1973-77",NULL,NULL,0
22814,"KÅWI","1973-77",NULL,NULL,0
22815,"LAHO","1973-77",NULL,NULL,0
22816,"LAKO","1973-77",NULL,NULL,0
22817,"LALA","1973-77",NULL,NULL,0
22818,"LAPL","1973-77",NULL,NULL,0
22819,"LASR","1973-77",NULL,NULL,0
22820,"LIAN","1973-77",NULL,NULL,0
22821,"LISU","1973-77",NULL,NULL,0
22822,"LIAA","1973-77",NULL,NULL,0
22823,"LUS","1973-77",NULL,NULL,0
22824,"MABU","1973-77",NULL,NULL,0
22825,"MATØ","1973-77",NULL,NULL,0
22826,"ODFA","1973-77",NULL,NULL,0
22827,"ODHN","1973-77",NULL,NULL,0
22828,"ODLA","1973-77",NULL,NULL,0
22829,"ODLI","1973-77",NULL,NULL,0
22830,"ODNO","1973-77",NULL,NULL,0
22831,"ODVA","1973-77",NULL,NULL,0
22832,"ODVI","1973-77",NULL,NULL,0
22833,"ODWI","1973-77",NULL,NULL,0
22834,"OLKD","1973-77",NULL,NULL,0
22835,"OLLN","1973-77",NULL,NULL,0
22836,"OLMY","1973-77",NULL,NULL,0
22837,"OLRØ","1973-77",NULL,NULL,0
22838,"OSFA","1973-77",NULL,NULL,0
22839,"OTBR","1973-77",NULL,NULL,0
22840,"OTGR","1973-77",NULL,NULL,0
22841,"OTHU","1973-77",NULL,NULL,0
22842,"OTLA","1973-77",NULL,NULL,0
22843,"OTLY","1973-77",NULL,NULL,0
22844,"PATH","1973-77",NULL,NULL,0
22845,"PEBO","1973-77",NULL,NULL,0
22846,"PEFU","1973-77",NULL,NULL,0
22847,"PEHY","1973-77",NULL,NULL,0
22848,"PEKA","1973-77",NULL,NULL,0
22849,"PEME","1973-77",NULL,NULL,0
22850,"PEAA","1973-77",NULL,NULL,0
22851,"RACH","1973-77",NULL,NULL,0
22852,"RAUD","1973-77",NULL,NULL,0
22853,"RELA","1973-77",NULL,NULL,0
22854,"ROBY","1973-77",NULL,NULL,0
22855,"ROFJ","1973-77",NULL,NULL,0
22856,"ROFU","1973-77",NULL,NULL,0
22857,"ROHL","1973-77",NULL,NULL,0
22858,"ROPR","1973-77",NULL,NULL,0
22859,"SEMO","1973-77",NULL,NULL,0
22860,"SIUT","1973-77",NULL,NULL,0
22861,"SVHE","1973-77",NULL,NULL,0
22862,"SVJU","1973-77",NULL,NULL,0
22863,"SVST","1973-77",NULL,NULL,0
22864,"THGY","1973-77",NULL,NULL,0
22865,"THKU","1973-77",NULL,NULL,0
22866,"THLI","1973-77",NULL,NULL,0
22867,"THLU","1973-77",NULL,NULL,0
22868,"THTR","1973-77",NULL,NULL,0
22869,"TOAN","1973-77",NULL,NULL,0
22870,"TOHR","1973-77",NULL,NULL,0
22871,"TOOF","1973-77",NULL,NULL,0
22872,"TOSK","1973-77",NULL,NULL,0
22873,"TOTY","1973-77",NULL,NULL,0
22874,"TOWE","1973-77",NULL,NULL,0
22875,"TRBR","1973-77",NULL,NULL,0
22876,"TØAN","1973-77",NULL,NULL,0
22877,"VAGA","1973-77",NULL,NULL,0
22878,"WIWO","1973-77",NULL,NULL,0
22879,"ÅGRA","1973-77",NULL,NULL,0
22880,"AALI","1973-77",NULL,NULL,0
22881,"AKFO","1977-81",NULL,NULL,0
22882,"ALBJ","1977-81",NULL,NULL,0
22883,"AMSÆ","1977-81",NULL,NULL,0
22884,"ANBA","1977-81",NULL,NULL,0
22885,"ANIN","1977-81",NULL,NULL,0
22886,"ANSE","1977-81",NULL,NULL,0
22887,"ANT","1977-81",NULL,NULL,0
22888,"ARBE","1977-81",NULL,NULL,0
22889,"ARJO","1977-81",NULL,NULL,0
22890,"ARNI","1977-81",NULL,NULL,0
22891,"ARNW","1977-81",NULL,NULL,0
22892,"ARSK","1977-81",NULL,NULL,0
22893,"ARWE","1977-81",NULL,NULL,0
22894,"ASFR","1977-81",NULL,NULL,0
22895,"ASGJ","1977-81",NULL,NULL,0
22896,"ASHA","1977-81",NULL,NULL,0
22897,"ASJR","1977-81",NULL,NULL,0
22898,"ASMA","1977-81",NULL,NULL,0
22899,"ASSJ","1977-81",NULL,NULL,0
22900,"BJEI","1977-81",NULL,NULL,0
22901,"CALO","1977-81",NULL,NULL,0
22902,"CHER","1977-81",NULL,NULL,0
22903,"CLFE","1977-81",NULL,NULL,0
22904,"EIBO","1977-81",NULL,NULL,0
22905,"EIFØ","1977-81",NULL,NULL,0
22906,"ELKR","1977-81",NULL,NULL,0
22907,"ELRE","1977-81",NULL,NULL,0
22908,"ENLI","1977-81",NULL,NULL,0
22909,"ERAS","1977-81",NULL,NULL,0
22910,"FIKR","1977-81",NULL,NULL,0
22911,"GEAP","1977-81",NULL,NULL,0
22912,"GEIL","1977-81",NULL,NULL,0
22913,"GEJA","1977-81",NULL,NULL,0
22914,"GEKI","1977-81",NULL,NULL,0
22915,"GHB","1977-81",NULL,NULL,0
22916,"GUB","1977-81",NULL,NULL,0
22917,"GUGY","1977-81",NULL,NULL,0
22918,"GUHA","1977-81",NULL,NULL,0
22919,"GUHV","1977-81",NULL,NULL,0
22920,"GUOL","1977-81",NULL,NULL,0
22921,"GUSC","1977-81",NULL,NULL,0
22922,"GUVA","1977-81",NULL,NULL,0
22923,"HAFR","1977-81",NULL,NULL,0
22924,"HÅHA","1977-81",NULL,NULL,0
22925,"HAHV","1977-81",NULL,NULL,0
22926,"HAKV","1977-81",NULL,NULL,0
22927,"HALI","1977-81",NULL,NULL,0
22928,"HARO","1977-81",NULL,NULL,0
22929,"HAST","1977-81",NULL,NULL,0
22930,"HATO","1977-81",NULL,NULL,0
22931,"HATU","1977-81",NULL,NULL,0
22932,"HBA","1977-81",NULL,NULL,0
22933,"HEBØ","1977-81",NULL,NULL,0
22934,"HEEI","1977-81",NULL,NULL,0
22935,"HÅKY","1977-81",NULL,NULL,0
22936,"HÅRA","1977-81",NULL,NULL,0
22937,"INBA","1977-81",NULL,NULL,0
22938,"INGJ","1977-81",NULL,NULL,0
22939,"INSA","1977-81",NULL,NULL,0
22940,"INVA","1977-81",NULL,NULL,0
22941,"JEFL","1977-81",NULL,NULL,0
22942,"JJJ","1977-81",NULL,NULL,0
22943,"JOBE","1977-81",NULL,NULL,0
22944,"JOBT","1977-81",NULL,NULL,0
22945,"JOSN","1977-81",NULL,NULL,0
22946,"JOSY","1977-81",NULL,NULL,0
22947,"JOVÅ","1977-81",NULL,NULL,0
22948,"JPS","1977-81",NULL,NULL,0
22949,"JØSØ","1977-81",NULL,NULL,0
22950,"JAAA","1977-81",NULL,NULL,0
22951,"KAHA","1977-81",NULL,NULL,0
22952,"KAKE","1977-81",NULL,NULL,0
22953,"KASO","1977-81",NULL,NULL,0
22954,"KIMY","1977-81",NULL,NULL,0
22955,"KJBH","1977-81",NULL,NULL,0
22956,"KJBO","1977-81",NULL,NULL,0
22957,"KJFR","1977-81",NULL,NULL,0
22958,"KJHE","1977-81",NULL,NULL,0
22959,"KKG","1977-81",NULL,NULL,0
22960,"KMB","1977-81",NULL,NULL,0
22961,"KNFR","1977-81",NULL,NULL,0
22962,"KNHS","1977-81",NULL,NULL,0
22963,"KRLØ","1977-81",NULL,NULL,0
22964,"KRRU","1977-81",NULL,NULL,0
22965,"KÅRØ","1977-81",NULL,NULL,0
22966,"KÅWI","1977-81",NULL,NULL,0
22967,"KÅØV","1977-81",NULL,NULL,0
22968,"LAKO","1977-81",NULL,NULL,0
22969,"LALA","1977-81",NULL,NULL,0
22970,"LALE","1977-81",NULL,NULL,0
22971,"LIAN","1977-81",NULL,NULL,0
22972,"LISU","1977-81",NULL,NULL,0
22973,"LIAA","1977-81",NULL,NULL,0
22974,"MAEI","1977-81",NULL,NULL,0
22975,"MAHN","1977-81",NULL,NULL,0
22976,"MALØ","1977-81",NULL,NULL,0
22977,"MATØ","1977-81",NULL,NULL,0
22978,"MORØ","1977-81",NULL,NULL,0
22979,"ODDØ","1977-81",NULL,NULL,0
22980,"ODFA","1977-81",NULL,NULL,0
22981,"ODLA","1977-81",NULL,NULL,0
22982,"ODLI","1977-81",NULL,NULL,0
22983,"ODNO","1977-81",NULL,NULL,0
22984,"ODPE","1977-81",NULL,NULL,0
22985,"ODVA","1977-81",NULL,NULL,0
22986,"ODVI","1977-81",NULL,NULL,0
22987,"ODWI","1977-81",NULL,NULL,0
22988,"OLBG","1977-81",NULL,NULL,0
22989,"OLDJ","1977-81",NULL,NULL,0
22990,"OLRØ","1977-81",NULL,NULL,0
22991,"OLUE","1977-81",NULL,NULL,0
22992,"OLØE","1977-81",NULL,NULL,0
22993,"OSFA","1977-81",NULL,NULL,0
22994,"OTLA","1977-81",NULL,NULL,0
22995,"PATH","1977-81",NULL,NULL,0
22996,"PEFU","1977-81",NULL,NULL,0
22997,"PEHU","1977-81",NULL,NULL,0
22998,"PEHY","1977-81",NULL,NULL,0
22999,"PEKA","1977-81",NULL,NULL,0
23000,"PEUT","1977-81",NULL,NULL,0
23001,"PEAA","1977-81",NULL,NULL,0
23002,"PT","1977-81",NULL,NULL,0
23003,"RAUD","1977-81",NULL,NULL,0
23004,"REDU","1977-81",NULL,NULL,0
23005,"REST","1977-81",NULL,NULL,0
23006,"ROBY","1977-81",NULL,NULL,0
23007,"ROFJ","1977-81",NULL,NULL,0
23008,"ROFU","1977-81",NULL,NULL,0
23009,"ROHL","1977-81",NULL,NULL,0
23010,"RONI","1977-81",NULL,NULL,0
23011,"ROPR","1977-81",NULL,NULL,0
23012,"SEMO","1977-81",NULL,NULL,0
23013,"SIUT","1977-81",NULL,NULL,0
23014,"SJ","1977-81",NULL,NULL,0
23015,"STØR","1977-81",NULL,NULL,0
23016,"SVHE","1977-81",NULL,NULL,0
23017,"SVST","1977-81",NULL,NULL,0
23018,"TB","1977-81",NULL,NULL,0
23019,"THGU","1977-81",NULL,NULL,0
23020,"THGY","1977-81",NULL,NULL,0
23021,"THKD","1977-81",NULL,NULL,0
23022,"THKU","1977-81",NULL,NULL,0
23023,"THLI","1977-81",NULL,NULL,0
23024,"THLU","1977-81",NULL,NULL,0
23025,"TOAU","1977-81",NULL,NULL,0
23026,"TOOF","1977-81",NULL,NULL,0
23027,"TOTY","1977-81",NULL,NULL,0
23028,"TOWE","1977-81",NULL,NULL,0
23029,"TRBR","1977-81",NULL,NULL,0
23030,"TTH","1977-81",NULL,NULL,0
23031,"TUVA","1977-81",NULL,NULL,0
23032,"VAGA","1977-81",NULL,NULL,0
23033,"WELO","1977-81",NULL,NULL,0
23034,"ÅGHO","1977-81",NULL,NULL,0
23035,"ÅGRA","1977-81",NULL,NULL,0
23036,"AKFO","1981-85",NULL,NULL,0
23037,"ALBJ","1981-85",NULL,NULL,0
23038,"AMSÆ","1981-85",NULL,NULL,0
23039,"ANBA","1981-85",NULL,NULL,0
23040,"ANT","1981-85",NULL,NULL,0
23041,"ARAS","1981-85",NULL,NULL,0
23042,"ARBE","1981-85",NULL,NULL,0
23043,"ARHE","1981-85",NULL,NULL,0
23044,"ARNI","1981-85",NULL,NULL,0
23045,"ARNW","1981-85",NULL,NULL,0
23046,"ARSK","1981-85",NULL,NULL,0
23047,"ARWE","1981-85",NULL,NULL,0
23048,"ASFR","1981-85",NULL,NULL,0
23049,"ASGJ","1981-85",NULL,NULL,0
23050,"ASHA","1981-85",NULL,NULL,0
23051,"ASMA","1981-85",NULL,NULL,0
23052,"ASSJ","1981-85",NULL,NULL,0
23053,"BJEI","1981-85",NULL,NULL,0
23054,"BJYT","1981-85",NULL,NULL,0
23055,"BKH","1981-85",NULL,NULL,0
23056,"CALO","1981-85",NULL,NULL,0
23057,"CHER","1981-85",NULL,NULL,0
23058,"CIH","1981-85",NULL,NULL,0
23059,"CLFE","1981-85",NULL,NULL,0
23060,"ED","1981-85",NULL,NULL,0
23061,"EIBO","1981-85",NULL,NULL,0
23062,"EIFØ","1981-85",NULL,NULL,0
23063,"ELKO","1981-85",NULL,NULL,0
23064,"ENLI","1981-85",NULL,NULL,0
23065,"ERWR","1981-85",NULL,NULL,0
23066,"FFG","1981-85",NULL,NULL,0
23067,"FIKR","1981-85",NULL,NULL,0
23068,"FRKL","1981-85",NULL,NULL,0
23069,"GEAP","1981-85",NULL,NULL,0
23070,"GHB","1981-85",NULL,NULL,0
23071,"GK","1981-85",NULL,NULL,0
23072,"GRVÆ","1981-85",NULL,NULL,0
23073,"GS","1981-85",NULL,NULL,0
23074,"GUB","1981-85",NULL,NULL,0
23075,"GUHA","1981-85",NULL,NULL,0
23076,"GUOL","1981-85",NULL,NULL,0
23077,"GUSC","1981-85",NULL,NULL,0
23078,"GUVA","1981-85",NULL,NULL,0
23079,"HADA","1981-85",NULL,NULL,0
23080,"HAFR","1981-85",NULL,NULL,0
23081,"HAKV","1981-85",NULL,NULL,0
23082,"HALI","1981-85",NULL,NULL,0
23083,"HARO","1981-85",NULL,NULL,0
23084,"HASG","1981-85",NULL,NULL,0
23085,"HAST","1981-85",NULL,NULL,0
23086,"HATU","1981-85",NULL,NULL,0
23087,"HBA","1981-85",NULL,NULL,0
23088,"HBL","1981-85",NULL,NULL,0
23089,"HEBØ","1981-85",NULL,NULL,0
23090,"HEEI","1981-85",NULL,NULL,0
23091,"HRSY","1981-85",NULL,NULL,0
23092,"HÅRA","1981-85",NULL,NULL,0
23093,"INBA","1981-85",NULL,NULL,0
23094,"INBO","1981-85",NULL,NULL,0
23095,"INGJ","1981-85",NULL,NULL,0
23096,"INKO","1981-85",NULL,NULL,0
23097,"INSA","1981-85",NULL,NULL,0
23098,"INWI","1981-85",NULL,NULL,0
23099,"JEFL","1981-85",NULL,NULL,0
23100,"JEMA","1981-85",NULL,NULL,0
23101,"JJJ","1981-85",NULL,NULL,0
23102,"JOBE","1981-85",NULL,NULL,0
23103,"JOBT","1981-85",NULL,NULL,0
23104,"JOBU","1981-85",NULL,NULL,0
23105,"JOLØ","1981-85",NULL,NULL,0
23106,"JOSY","1981-85",NULL,NULL,0
23107,"JOVÅ","1981-85",NULL,NULL,0
23108,"JP","1981-85",NULL,NULL,0
23109,"JPS","1981-85",NULL,NULL,0
23110,"JØSØ","1981-85",NULL,NULL,0
23111,"JAAA","1981-85",NULL,NULL,0
23112,"KAIG","1981-85",NULL,NULL,0
23113,"KASO","1981-85",NULL,NULL,0
23114,"KDL","1981-85",NULL,NULL,0
23115,"KJBH","1981-85",NULL,NULL,0
23116,"KJBO","1981-85",NULL,NULL,0
23117,"KJFR","1981-85",NULL,NULL,0
23118,"KJHE","1981-85",NULL,NULL,0
23119,"KKF","1981-85",NULL,NULL,0
23120,"KKG","1981-85",NULL,NULL,0
23121,"KMB","1981-85",NULL,NULL,0
23122,"KNFR","1981-85",NULL,NULL,0
23123,"KNHS","1981-85",NULL,NULL,0
23124,"KO","1981-85",NULL,NULL,0
23125,"KRLU","1981-85",NULL,NULL,0
23126,"KRRU","1981-85",NULL,NULL,0
23127,"KÅKR","1981-85",NULL,NULL,0
23128,"KÅWI","1981-85",NULL,NULL,0
23129,"KÅØV","1981-85",NULL,NULL,0
23130,"LALA","1981-85",NULL,NULL,0
23131,"LALE","1981-85",NULL,NULL,0
23132,"LAVE","1981-85",NULL,NULL,0
23133,"LIAN","1981-85",NULL,NULL,0
23134,"LISU","1981-85",NULL,NULL,0
23135,"LIAA","1981-85",NULL,NULL,0
23136,"MAEI","1981-85",NULL,NULL,0
23137,"MAHN","1981-85",NULL,NULL,0
23138,"MAHU","1981-85",NULL,NULL,0
23139,"MALØ","1981-85",NULL,NULL,0
23140,"MARO","1981-85",NULL,NULL,0
23141,"MOES","1981-85",NULL,NULL,0
23142,"MORØ","1981-85",NULL,NULL,0
23143,"MOST","1981-85",NULL,NULL,0
23144,"ODHØ","1981-85",NULL,NULL,0
23145,"ODLA","1981-85",NULL,NULL,0
23146,"ODMA","1981-85",NULL,NULL,0
23147,"ODNO","1981-85",NULL,NULL,0
23148,"ODPE","1981-85",NULL,NULL,0
23149,"ODWI","1981-85",NULL,NULL,0
23150,"OLUE","1981-85",NULL,NULL,0
23151,"OLØE","1981-85",NULL,NULL,0
23152,"OSFA","1981-85",NULL,NULL,0
23153,"PAN","1981-85",NULL,NULL,0
23154,"PEDI","1981-85",NULL,NULL,0
23155,"PEHU","1981-85",NULL,NULL,0
23156,"PEHY","1981-85",NULL,NULL,0
23157,"PEUT","1981-85",NULL,NULL,0
23158,"PEAA","1981-85",NULL,NULL,0
23159,"PKF","1981-85",NULL,NULL,0
23160,"PT","1981-85",NULL,NULL,0
23161,"RBJ","1981-85",NULL,NULL,0
23162,"REDU","1981-85",NULL,NULL,0
23163,"REST","1981-85",NULL,NULL,0
23164,"RFH","1981-85",NULL,NULL,0
23165,"RIOL","1981-85",NULL,NULL,0
23166,"ROG","1981-85",NULL,NULL,0
23167,"RONI","1981-85",NULL,NULL,0
23168,"ROPR","1981-85",NULL,NULL,0
23169,"RQH","1981-85",NULL,NULL,0
23170,"SIHO","1981-85",NULL,NULL,0
23171,"SIRØ","1981-85",NULL,NULL,0
23172,"SIVE","1981-85",NULL,NULL,0
23173,"SJ","1981-85",NULL,NULL,0
23174,"STØR","1981-85",NULL,NULL,0
23175,"SVFA","1981-85",NULL,NULL,0
23176,"SVHE","1981-85",NULL,NULL,0
23177,"SVMA","1981-85",NULL,NULL,0
23178,"SVST","1981-85",NULL,NULL,0
23179,"TB","1981-85",NULL,NULL,0
23180,"TEGR","1981-85",NULL,NULL,0
23181,"THGU","1981-85",NULL,NULL,0
23182,"THKD","1981-85",NULL,NULL,0
23183,"THLI","1981-85",NULL,NULL,0
23184,"TOAU","1981-85",NULL,NULL,0
23185,"TOTY","1981-85",NULL,NULL,0
23186,"TTH","1981-85",NULL,NULL,0
23187,"WELO","1981-85",NULL,NULL,0
23188,"ÅGHO","1981-85",NULL,NULL,0
23189,"AAMO","1981-85",NULL,NULL,0
23190,"ACS","1985-89",NULL,NULL,0
23191,"AD","1985-89",NULL,NULL,0
23192,"AEL","1985-89",NULL,NULL,0
23193,"ANBA","1985-89",NULL,NULL,0
23194,"ANH","1985-89",NULL,NULL,0
23195,"ANT","1985-89",NULL,NULL,0
23196,"ARAS","1985-89",NULL,NULL,0
23197,"ARBE","1985-89",NULL,NULL,0
23198,"ARHE","1985-89",NULL,NULL,0
23199,"ARNW","1985-89",NULL,NULL,0
23200,"ARSK","1985-89",NULL,NULL,0
23201,"ASAN","1985-89",NULL,NULL,0
23202,"ASGJ","1985-89",NULL,NULL,0
23203,"ASHI","1985-89",NULL,NULL,0
23204,"ASSJ","1985-89",NULL,NULL,0
23205,"AUB","1985-89",NULL,NULL,0
23206,"BB","1985-89",NULL,NULL,0
23207,"BEBA","1985-89",NULL,NULL,0
23208,"BJEI","1985-89",NULL,NULL,0
23209,"BJKR","1985-89",NULL,NULL,0
23210,"BJYT","1985-89",NULL,NULL,0
23211,"BKH","1985-89",NULL,NULL,0
23212,"BORØ","1985-89",NULL,NULL,0
23213,"BRBO","1985-89",NULL,NULL,0
23214,"BRHA","1985-89",NULL,NULL,0
23215,"CALO","1985-89",NULL,NULL,0
23216,"CIH","1985-89",NULL,NULL,0
23217,"DJF","1985-89",NULL,NULL,0
23218,"ED","1985-89",NULL,NULL,0
23219,"EIFØ","1985-89",NULL,NULL,0
23220,"ERWR","1985-89",NULL,NULL,0
23221,"ESF","1985-89",NULL,NULL,0
23222,"FIKU","1985-89",NULL,NULL,0
23223,"FRKL","1985-89",NULL,NULL,0
23224,"GEAP","1985-89",NULL,NULL,0
23225,"GF","1985-89",NULL,NULL,0
23226,"GHB","1985-89",NULL,NULL,0
23227,"GK","1985-89",NULL,NULL,0
23228,"GR","1985-89",NULL,NULL,0
23229,"GS","1985-89",NULL,NULL,0
23230,"GUB","1985-89",NULL,NULL,0
23231,"GUOL","1985-89",NULL,NULL,0
23232,"HAFR","1985-89",NULL,NULL,0
23233,"HAKV","1985-89",NULL,NULL,0
23234,"HALI","1985-89",NULL,NULL,0
23235,"HASG","1985-89",NULL,NULL,0
23236,"HBA","1985-89",NULL,NULL,0
23237,"HBE","1985-89",NULL,NULL,0
23238,"HBL","1985-89",NULL,NULL,0
23239,"HE","1985-89",NULL,NULL,0
23240,"HEBØ","1985-89",NULL,NULL,0
23241,"HEHU","1985-89",NULL,NULL,0
23242,"HRSY","1985-89",NULL,NULL,0
23243,"IGO","1985-89",NULL,NULL,0
23244,"INBO","1985-89",NULL,NULL,0
23245,"INGJ","1985-89",NULL,NULL,0
23246,"INKO","1985-89",NULL,NULL,0
23247,"INPE","1985-89",NULL,NULL,0
23248,"INSA","1985-89",NULL,NULL,0
23249,"INST","1985-89",NULL,NULL,0
23250,"INSV","1985-89",NULL,NULL,0
23251,"INWI","1985-89",NULL,NULL,0
23252,"JAIN","1985-89",NULL,NULL,0
23253,"JAJA","1985-89",NULL,NULL,0
23254,"JJJ","1985-89",NULL,NULL,0
23255,"JK","1985-89",NULL,NULL,0
23256,"JMN","1985-89",NULL,NULL,0
23257,"JOBE","1985-89",NULL,NULL,0
23258,"JOBT","1985-89",NULL,NULL,0
23259,"JOBU","1985-89",NULL,NULL,0
23260,"JOLØ","1985-89",NULL,NULL,0
23261,"JOTV","1985-89",NULL,NULL,0
23262,"JP","1985-89",NULL,NULL,0
23263,"JPS","1985-89",NULL,NULL,0
23264,"KDL","1985-89",NULL,NULL,0
23265,"KJBH","1985-89",NULL,NULL,0
23266,"KJBO","1985-89",NULL,NULL,0
23267,"KJFR","1985-89",NULL,NULL,0
23268,"KJFU","1985-89",NULL,NULL,0
23269,"KJHE","1985-89",NULL,NULL,0
23270,"KKF","1985-89",NULL,NULL,0
23271,"KKG","1985-89",NULL,NULL,0
23272,"KL","1985-89",NULL,NULL,0
23273,"KMB","1985-89",NULL,NULL,0
23274,"KNFR","1985-89",NULL,NULL,0
23275,"KO","1985-89",NULL,NULL,0
23276,"KSP","1985-89",NULL,NULL,0
23277,"KÅGJ","1985-89",NULL,NULL,0
23278,"KÅKR","1985-89",NULL,NULL,0
23279,"KÅWI","1985-89",NULL,NULL,0
23280,"KÅØV","1985-89",NULL,NULL,0
23281,"LALA","1985-89",NULL,NULL,0
23282,"LALE","1985-89",NULL,NULL,0
23283,"LASO","1985-89",NULL,NULL,0
23284,"LAVE","1985-89",NULL,NULL,0
23285,"LEBL","1985-89",NULL,NULL,0
23286,"LEST","1985-89",NULL,NULL,0
23287,"LGL","1985-89",NULL,NULL,0
23288,"LIAA","1985-89",NULL,NULL,0
23289,"LK","1985-89",NULL,NULL,0
23290,"MAEI","1985-89",NULL,NULL,0
23291,"MAHN","1985-89",NULL,NULL,0
23292,"MAHU","1985-89",NULL,NULL,0
23293,"MALØ","1985-89",NULL,NULL,0
23294,"MARO","1985-89",NULL,NULL,0
23295,"MAS","1985-89",NULL,NULL,0
23296,"MJB","1985-89",NULL,NULL,0
23297,"MORØ","1985-89",NULL,NULL,0
23298,"MOST","1985-89",NULL,NULL,0
23299,"MSO","1985-89",NULL,NULL,0
23300,"NIGO","1985-89",NULL,NULL,0
23301,"ODHØ","1985-89",NULL,NULL,0
23302,"ODHÅ","1985-89",NULL,NULL,0
23303,"ODMA","1985-89",NULL,NULL,0
23304,"ODPE","1985-89",NULL,NULL,0
23305,"OLUE","1985-89",NULL,NULL,0
23306,"OLØE","1985-89",NULL,NULL,0
23307,"PAN","1985-89",NULL,NULL,0
23308,"PEAA","1985-89",NULL,NULL,0
23309,"PKF","1985-89",NULL,NULL,0
23310,"PT","1985-89",NULL,NULL,0
23311,"RB","1985-89",NULL,NULL,0
23312,"RBJ","1985-89",NULL,NULL,0
23313,"REAN","1985-89",NULL,NULL,0
23314,"REDU","1985-89",NULL,NULL,0
23315,"REST","1985-89",NULL,NULL,0
23316,"RF","1985-89",NULL,NULL,0
23317,"RFH","1985-89",NULL,NULL,0
23318,"RIOL","1985-89",NULL,NULL,0
23319,"ROG","1985-89",NULL,NULL,0
23320,"RONI","1985-89",NULL,NULL,0
23321,"ROPR","1985-89",NULL,NULL,0
23322,"RQH","1985-89",NULL,NULL,0
23323,"SFS","1985-89",NULL,NULL,0
23324,"SHS","1985-89",NULL,NULL,0
23325,"SIHO","1985-89",NULL,NULL,0
23326,"SIRØ","1985-89",NULL,NULL,0
23327,"SIVE","1985-89",NULL,NULL,0
23328,"SJ","1985-89",NULL,NULL,0
23329,"STER","1985-89",NULL,NULL,0
23330,"SVAL","1985-89",NULL,NULL,0
23331,"SVMA","1985-89",NULL,NULL,0
23332,"TB","1985-89",NULL,NULL,0
23333,"TEGR","1985-89",NULL,NULL,0
23334,"THGU","1985-89",NULL,NULL,0
23335,"THKD","1985-89",NULL,NULL,0
23336,"THKN","1985-89",NULL,NULL,0
23337,"THKO","1985-89",NULL,NULL,0
23338,"TOAS","1985-89",NULL,NULL,0
23339,"TOAU","1985-89",NULL,NULL,0
23340,"TTH","1985-89",NULL,NULL,0
23341,"WESE","1985-89",NULL,NULL,0
23342,"ÅGHO","1985-89",NULL,NULL,0
23343,"ÅGRA","1985-89",NULL,NULL,0
23344,"AAMO","1985-89",NULL,NULL,0
23345,"ASHA","1985-89",NULL,NULL,0
23346,"ÅSIV","1985-89",NULL,NULL,0
23347,"ACS","1989-93",NULL,NULL,0
23348,"AD","1989-93",NULL,NULL,0
23349,"AEL","1989-93",NULL,NULL,0
23350,"AHI","1989-93",NULL,NULL,0
23351,"AMN","1989-93",NULL,NULL,0
23352,"ANAU","1989-93",NULL,NULL,0
23353,"ANH","1989-93",NULL,NULL,0
23354,"ANT","1989-93",NULL,NULL,0
23355,"ARAS","1989-93",NULL,NULL,0
23356,"ARSK","1989-93",NULL,NULL,0
23357,"AUB","1989-93",NULL,NULL,0
23358,"BB","1989-93",NULL,NULL,0
23359,"BJEI","1989-93",NULL,NULL,0
23360,"BKH","1989-93",NULL,NULL,0
23361,"BORØ","1989-93",NULL,NULL,0
23362,"BR","1989-93",NULL,NULL,0
23363,"BRHA","1989-93",NULL,NULL,0
23364,"BTG","1989-93",NULL,NULL,0
23365,"CIH","1989-93",NULL,NULL,0
23366,"DAHJ","1989-93",NULL,NULL,0
23367,"DJF","1989-93",NULL,NULL,0
23368,"DW","1989-93",NULL,NULL,0
23369,"EAM","1989-93",NULL,NULL,0
23370,"ED","1989-93",NULL,NULL,0
23371,"EGR","1989-93",NULL,NULL,0
23372,"EGS","1989-93",NULL,NULL,0
23373,"ELBJ","1989-93",NULL,NULL,0
23374,"EOS","1989-93",NULL,NULL,0
23375,"ERF","1989-93",NULL,NULL,0
23376,"ERWR","1989-93",NULL,NULL,0
23377,"ES","1989-93",NULL,NULL,0
23378,"ESF","1989-93",NULL,NULL,0
23379,"FFG","1989-93",NULL,NULL,0
23380,"FITH","1989-93",NULL,NULL,0
23381,"GF","1989-93",NULL,NULL,0
23382,"GHB","1989-93",NULL,NULL,0
23383,"GK","1989-93",NULL,NULL,0
23384,"GO","1989-93",NULL,NULL,0
23385,"GR","1989-93",NULL,NULL,0
23386,"GS","1989-93",NULL,NULL,0
23387,"GUB","1989-93",NULL,NULL,0
23388,"GUOL","1989-93",NULL,NULL,0
23389,"HAJE","1989-93",NULL,NULL,0
23390,"HBA","1989-93",NULL,NULL,0
23391,"HBE","1989-93",NULL,NULL,0
23392,"HBL","1989-93",NULL,NULL,0
23393,"HE","1989-93",NULL,NULL,0
23394,"HEBØ","1989-93",NULL,NULL,0
23395,"HEHU","1989-93",NULL,NULL,0
23396,"HJR","1989-93",NULL,NULL,0
23397,"IGO","1989-93",NULL,NULL,0
23398,"IM","1989-93",NULL,NULL,0
23399,"INBO","1989-93",NULL,NULL,0
23400,"INGJ","1989-93",NULL,NULL,0
23401,"INMY","1989-93",NULL,NULL,0
23402,"INPE","1989-93",NULL,NULL,0
23403,"INSE","1989-93",NULL,NULL,0
23404,"INST","1989-93",NULL,NULL,0
23405,"INSV","1989-93",NULL,NULL,0
23406,"INWI","1989-93",NULL,NULL,0
23407,"JAFÅ","1989-93",NULL,NULL,0
23408,"JANE","1989-93",NULL,NULL,0
23409,"JEMA","1989-93",NULL,NULL,0
23410,"JIA","1989-93",NULL,NULL,0
23411,"JJJ","1989-93",NULL,NULL,0
23412,"JK","1989-93",NULL,NULL,0
23413,"JL","1989-93",NULL,NULL,0
23414,"JMN","1989-93",NULL,NULL,0
23415,"JOBE","1989-93",NULL,NULL,0
23416,"JOBR","1989-93",NULL,NULL,0
23417,"JOLØ","1989-93",NULL,NULL,0
23418,"JOTV","1989-93",NULL,NULL,0
23419,"JP","1989-93",NULL,NULL,0
23420,"JPS","1989-93",NULL,NULL,0
23421,"JS","1989-93",NULL,NULL,0
23422,"KBO","1989-93",NULL,NULL,0
23423,"KDL","1989-93",NULL,NULL,0
23424,"KHA","1989-93",NULL,NULL,0
23425,"KJBO","1989-93",NULL,NULL,0
23426,"KKF","1989-93",NULL,NULL,0
23427,"KKG","1989-93",NULL,NULL,0
23428,"KL","1989-93",NULL,NULL,0
23429,"KMB","1989-93",NULL,NULL,0
23430,"KNA","1989-93",NULL,NULL,0
23431,"KNHA","1989-93",NULL,NULL,0
23432,"KO","1989-93",NULL,NULL,0
23433,"KRCL","1989-93",NULL,NULL,0
23434,"KSP","1989-93",NULL,NULL,0
23435,"KÅGJ","1989-93",NULL,NULL,0
23436,"LEBL","1989-93",NULL,NULL,0
23437,"LEST","1989-93",NULL,NULL,0
23438,"LGL","1989-93",NULL,NULL,0
23439,"LIH","1989-93",NULL,NULL,0
23440,"LK","1989-93",NULL,NULL,0
23441,"LOSO","1989-93",NULL,NULL,0
23442,"MAKV","1989-93",NULL,NULL,0
23443,"MARO","1989-93",NULL,NULL,0
23444,"MAS","1989-93",NULL,NULL,0
23445,"MAWD","1989-93",NULL,NULL,0
23446,"MJB","1989-93",NULL,NULL,0
23447,"MN","1989-93",NULL,NULL,0
23448,"MSE","1989-93",NULL,NULL,0
23449,"MSO","1989-93",NULL,NULL,0
23450,"NIGO","1989-93",NULL,NULL,0
23451,"OA","1989-93",NULL,NULL,0
23452,"ODH","1989-93",NULL,NULL,0
23453,"ODPE","1989-93",NULL,NULL,0
23454,"OH","1989-93",NULL,NULL,0
23455,"OHE","1989-93",NULL,NULL,0
23456,"OJB","1989-93",NULL,NULL,0
23457,"OLUE","1989-93",NULL,NULL,0
23458,"PAN","1989-93",NULL,NULL,0
23459,"PC","1989-93",NULL,NULL,0
23460,"PEAU","1989-93",NULL,NULL,0
23461,"PEBØ","1989-93",NULL,NULL,0
23462,"PERA","1989-93",NULL,NULL,0
23463,"PERS","1989-93",NULL,NULL,0
23464,"PESÆ","1989-93",NULL,NULL,0
23465,"PKF","1989-93",NULL,NULL,0
23466,"PT","1989-93",NULL,NULL,0
23467,"PÅSK","1989-93",NULL,NULL,0
23468,"RB","1989-93",NULL,NULL,0
23469,"RBJ","1989-93",NULL,NULL,0
23470,"REST","1989-93",NULL,NULL,0
23471,"RF","1989-93",NULL,NULL,0
23472,"RFH","1989-93",NULL,NULL,0
23473,"RIOL","1989-93",NULL,NULL,0
23474,"RJ","1989-93",NULL,NULL,0
23475,"RKB","1989-93",NULL,NULL,0
23476,"ROBE","1989-93",NULL,NULL,0
23477,"ROG","1989-93",NULL,NULL,0
23478,"RQH","1989-93",NULL,NULL,0
23479,"SEB","1989-93",NULL,NULL,0
23480,"SFS","1989-93",NULL,NULL,0
23481,"SHL","1989-93",NULL,NULL,0
23482,"SHS","1989-93",NULL,NULL,0
23483,"SIHO","1989-93",NULL,NULL,0
23484,"SIRØ","1989-93",NULL,NULL,0
23485,"SIVE","1989-93",NULL,NULL,0
23486,"SJ","1989-93",NULL,NULL,0
23487,"SKB","1989-93",NULL,NULL,0
23488,"STMA","1989-93",NULL,NULL,0
23489,"SVAL","1989-93",NULL,NULL,0
23490,"SVMA","1989-93",NULL,NULL,0
23491,"TAL","1989-93",NULL,NULL,0
23492,"TB","1989-93",NULL,NULL,0
23493,"TENY","1989-93",NULL,NULL,0
23494,"THGU","1989-93",NULL,NULL,0
23495,"THKN","1989-93",NULL,NULL,0
23496,"THKO","1989-93",NULL,NULL,0
23497,"TKV","1989-93",NULL,NULL,0
23498,"TOAS","1989-93",NULL,NULL,0
23499,"TOHU","1989-93",NULL,NULL,0
23500,"TOWA","1989-93",NULL,NULL,0
23501,"TRJE","1989-93",NULL,NULL,0
23502,"TTH","1989-93",NULL,NULL,0
23503,"TWI","1989-93",NULL,NULL,0
23504,"ULG","1989-93",NULL,NULL,0
23505,"VK","1989-93",NULL,NULL,0
23506,"WE","1989-93",NULL,NULL,0
23507,"WELY","1989-93",NULL,NULL,0
23508,"WESE","1989-93",NULL,NULL,0
23509,"ÅK","1989-93",NULL,NULL,0
23510,"ASHA","1989-93",NULL,NULL,0
23511,"ÅSIV","1989-93",NULL,NULL,0
23512,"ACS","1993-97",NULL,NULL,0
23513,"AD","1993-97",NULL,NULL,0
23514,"AEL","1993-97",NULL,NULL,0
23515,"AG","1993-97",NULL,NULL,0
23516,"AHI","1993-97",NULL,NULL,0
23517,"AHU","1993-97",NULL,NULL,0
23518,"AMN","1993-97",NULL,NULL,0
23519,"ANH","1993-97",NULL,NULL,0
23520,"ANT","1993-97",NULL,NULL,0
23521,"ARL","1993-97",NULL,NULL,0
23522,"ARN","1993-97",NULL,NULL,0
23523,"ASK","1993-97",NULL,NULL,0
23524,"AST","1993-97",NULL,NULL,0
23525,"AUB","1993-97",NULL,NULL,0
23526,"AUG","1993-97",NULL,NULL,0
23527,"BB","1993-97",NULL,NULL,0
23528,"BEH","1993-97",NULL,NULL,0
23529,"BHG","1993-97",NULL,NULL,0
23530,"BJH","1993-97",NULL,NULL,0
23531,"BKH","1993-97",NULL,NULL,0
23532,"BR","1993-97",NULL,NULL,0
23533,"BTG","1993-97",NULL,NULL,0
23534,"CIH","1993-97",NULL,NULL,0
23535,"DJF","1993-97",NULL,NULL,0
23536,"DW","1993-97",NULL,NULL,0
23537,"EAM","1993-97",NULL,NULL,0
23538,"ECC","1993-97",NULL,NULL,0
23539,"ED","1993-97",NULL,NULL,0
23540,"EFO","1993-97",NULL,NULL,0
23541,"EGR","1993-97",NULL,NULL,0
23542,"EGS","1993-97",NULL,NULL,0
23543,"EIS","1993-97",NULL,NULL,0
23544,"EOS","1993-97",NULL,NULL,0
23545,"ERF","1993-97",NULL,NULL,0
23546,"ES","1993-97",NULL,NULL,0
23547,"ESF","1993-97",NULL,NULL,0
23548,"ESO","1993-97",NULL,NULL,0
23549,"EVL","1993-97",NULL,NULL,0
23550,"FFG","1993-97",NULL,NULL,0
23551,"GBR","1993-97",NULL,NULL,0
23552,"GF","1993-97",NULL,NULL,0
23553,"GHA","1993-97",NULL,NULL,0
23554,"GHB","1993-97",NULL,NULL,0
23555,"GK","1993-97",NULL,NULL,0
23556,"GKG","1993-97",NULL,NULL,0
23557,"GO","1993-97",NULL,NULL,0
23558,"GR","1993-97",NULL,NULL,0
23559,"GREF","1993-97",NULL,NULL,0
23560,"GRF","1993-97",NULL,NULL,0
23561,"GS","1993-97",NULL,NULL,0
23562,"HBA","1993-97",NULL,NULL,0
23563,"HBE","1993-97",NULL,NULL,0
23564,"HBL","1993-97",NULL,NULL,0
23565,"HE","1993-97",NULL,NULL,0
23566,"HFJ","1993-97",NULL,NULL,0
23567,"HJR","1993-97",NULL,NULL,0
23568,"HMS","1993-97",NULL,NULL,0
23569,"HSG","1993-97",NULL,NULL,0
23570,"IGO","1993-97",NULL,NULL,0
23571,"IK","1993-97",NULL,NULL,0
23572,"IM","1993-97",NULL,NULL,0
23573,"JD","1993-97",NULL,NULL,0
23574,"JEG","1993-97",NULL,NULL,0
23575,"JES","1993-97",NULL,NULL,0
23576,"JH","1993-97",NULL,NULL,0
23577,"JIA","1993-97",NULL,NULL,0
23578,"JJJ","1993-97",NULL,NULL,0
23579,"JK","1993-97",NULL,NULL,0
23580,"JL","1993-97",NULL,NULL,0
23581,"JMN","1993-97",NULL,NULL,0
23582,"JOA","1993-97",NULL,NULL,0
23583,"JOH","1993-97",NULL,NULL,0
23584,"JP","1993-97",NULL,NULL,0
23585,"JPS","1993-97",NULL,NULL,0
23586,"JR","1993-97",NULL,NULL,0
23587,"JS","1993-97",NULL,NULL,0
23588,"JTS","1993-97",NULL,NULL,0
23589,"KBO","1993-97",NULL,NULL,0
23590,"KDL","1993-97",NULL,NULL,0
23591,"KE","1993-97",NULL,NULL,0
23592,"KHA","1993-97",NULL,NULL,0
23593,"KKD","1993-97",NULL,NULL,0
23594,"KKF","1993-97",NULL,NULL,0
23595,"KKG","1993-97",NULL,NULL,0
23596,"KL","1993-97",NULL,NULL,0
23597,"KMB","1993-97",NULL,NULL,0
23598,"KNA","1993-97",NULL,NULL,0
23599,"KO","1993-97",NULL,NULL,0
23600,"KSP","1993-97",NULL,NULL,0
23601,"LGL","1993-97",NULL,NULL,0
23602,"LIH","1993-97",NULL,NULL,0
23603,"LK","1993-97",NULL,NULL,0
23604,"LS","1993-97",NULL,NULL,0
23605,"MAS","1993-97",NULL,NULL,0
23606,"MHG","1993-97",NULL,NULL,0
23607,"MIB","1993-97",NULL,NULL,0
23608,"MJB","1993-97",NULL,NULL,0
23609,"ML","1993-97",NULL,NULL,0
23610,"MMK","1993-97",NULL,NULL,0
23611,"MN","1993-97",NULL,NULL,0
23612,"MSE","1993-97",NULL,NULL,0
23613,"MSO","1993-97",NULL,NULL,0
23614,"MTI","1993-97",NULL,NULL,0
23615,"MAA","1993-97",NULL,NULL,0
23616,"OA","1993-97",NULL,NULL,0
23617,"OAS","1993-97",NULL,NULL,0
23618,"ODG","1993-97",NULL,NULL,0
23619,"ODH","1993-97",NULL,NULL,0
23620,"OE","1993-97",NULL,NULL,0
23621,"OH","1993-97",NULL,NULL,0
23622,"OHE","1993-97",NULL,NULL,0
23623,"OJB","1993-97",NULL,NULL,0
23624,"OKD","1993-97",NULL,NULL,0
23625,"ON","1993-97",NULL,NULL,0
23626,"OR","1993-97",NULL,NULL,0
23627,"ORE","1993-97",NULL,NULL,0
23628,"OTK","1993-97",NULL,NULL,0
23629,"OTL","1993-97",NULL,NULL,0
23630,"PAN","1993-97",NULL,NULL,0
23631,"PC","1993-97",NULL,NULL,0
23632,"PKF","1993-97",NULL,NULL,0
23633,"POL","1993-97",NULL,NULL,0
23634,"PT","1993-97",NULL,NULL,0
23635,"RB","1993-97",NULL,NULL,0
23636,"RBJ","1993-97",NULL,NULL,0
23637,"RF","1993-97",NULL,NULL,0
23638,"RFH","1993-97",NULL,NULL,0
23639,"RHR","1993-97",NULL,NULL,0
23640,"RJ","1993-97",NULL,NULL,0
23641,"RKB","1993-97",NULL,NULL,0
23642,"RNW","1993-97",NULL,NULL,0
23643,"ROG","1993-97",NULL,NULL,0
23644,"RQH","1993-97",NULL,NULL,0
23645,"RTK","1993-97",NULL,NULL,0
23646,"RTV","1993-97",NULL,NULL,0
23647,"RUI","1993-97",NULL,NULL,0
23648,"SB","1993-97",NULL,NULL,0
23649,"SEB","1993-97",NULL,NULL,0
23650,"SEN","1993-97",NULL,NULL,0
23651,"SFS","1993-97",NULL,NULL,0
23652,"SHL","1993-97",NULL,NULL,0
23653,"SHS","1993-97",NULL,NULL,0
23654,"SIO","1993-97",NULL,NULL,0
23655,"SJ","1993-97",NULL,NULL,0
23656,"SKB","1993-97",NULL,NULL,0
23657,"SM","1993-97",NULL,NULL,0
23658,"SOH","1993-97",NULL,NULL,0
23659,"ST","1993-97",NULL,NULL,0
23660,"TAL","1993-97",NULL,NULL,0
23661,"TB","1993-97",NULL,NULL,0
23662,"TJ","1993-97",NULL,NULL,0
23663,"TKV","1993-97",NULL,NULL,0
23664,"TN","1993-97",NULL,NULL,0
23665,"TNY","1993-97",NULL,NULL,0
23666,"TON","1993-97",NULL,NULL,0
23667,"TRJ","1993-97",NULL,NULL,0
23668,"TS","1993-97",NULL,NULL,0
23669,"TTH","1993-97",NULL,NULL,0
23670,"TWI","1993-97",NULL,NULL,0
23671,"ULG","1993-97",NULL,NULL,0
23672,"UAA","1993-97",NULL,NULL,0
23673,"VB","1993-97",NULL,NULL,0
23674,"VSH","1993-97",NULL,NULL,0
23675,"WE","1993-97",NULL,NULL,0
23676,"AAS","1993-97",NULL,NULL,0
23677,"ABS","1997-2001",NULL,NULL,0
23678,"AD","1997-2001",NULL,NULL,0
23679,"ADV","1997-2001",NULL,NULL,0
23680,"AEL","1997-2001",NULL,NULL,0
23681,"AG","1997-2001",NULL,NULL,0
23682,"AGV","1997-2001",NULL,NULL,0
23683,"AL","1997-2001",NULL,NULL,0
23684,"AMN","1997-2001",NULL,NULL,0
23685,"ANH","1997-2001",NULL,NULL,0
23686,"ARN","1997-2001",NULL,NULL,0
23687,"ASK","1997-2001",NULL,NULL,0
23688,"AST","1997-2001",NULL,NULL,0
23689,"AUB","1997-2001",NULL,NULL,0
23690,"AUG","1997-2001",NULL,NULL,0
23691,"AWN","1997-2001",NULL,NULL,0
23692,"BB","1997-2001",NULL,NULL,0
23693,"BEH","1997-2001",NULL,NULL,0
23694,"BEHA","1997-2001",NULL,NULL,0
23695,"BHH","1997-2001",NULL,NULL,0
23696,"BHI","1997-2001",NULL,NULL,0
23697,"BJH","1997-2001",NULL,NULL,0
23698,"BJØB","1997-2001",NULL,NULL,0
23699,"BTG","1997-2001",NULL,NULL,0
23700,"BYR","1997-2001",NULL,NULL,0
23701,"CIH","1997-2001",NULL,NULL,0
23702,"CS","1997-2001",NULL,NULL,0
23703,"DAD","1997-2001",NULL,NULL,0
23704,"DTA","1997-2001",NULL,NULL,0
23705,"ED","1997-2001",NULL,NULL,0
23706,"EGS","1997-2001",NULL,NULL,0
23707,"EIS","1997-2001",NULL,NULL,0
23708,"ELSK","1997-2001",NULL,NULL,0
23709,"EOS","1997-2001",NULL,NULL,0
23710,"ES","1997-2001",NULL,NULL,0
23711,"ESF","1997-2001",NULL,NULL,0
23712,"FFG","1997-2001",NULL,NULL,0
23713,"FKM","1997-2001",NULL,NULL,0
23714,"GBR","1997-2001",NULL,NULL,0
23715,"GGF","1997-2001",NULL,NULL,0
23716,"GHA","1997-2001",NULL,NULL,0
23717,"GK","1997-2001",NULL,NULL,0
23718,"GKG","1997-2001",NULL,NULL,0
23719,"GKV","1997-2001",NULL,NULL,0
23720,"GO","1997-2001",NULL,NULL,0
23721,"GR","1997-2001",NULL,NULL,0
23722,"GRF","1997-2001",NULL,NULL,0
23723,"GS","1997-2001",NULL,NULL,0
23724,"GUO","1997-2001",NULL,NULL,0
23725,"HBL","1997-2001",NULL,NULL,0
23726,"HFJ","1997-2001",NULL,NULL,0
23727,"HHL","1997-2001",NULL,NULL,0
23728,"HJR","1997-2001",NULL,NULL,0
23729,"HMS","1997-2001",NULL,NULL,0
23730,"HTN","1997-2001",NULL,NULL,0
23731,"IGO","1997-2001",NULL,NULL,0
23732,"ILH","1997-2001",NULL,NULL,0
23733,"IM","1997-2001",NULL,NULL,0
23734,"INGS","1997-2001",NULL,NULL,0
23735,"INL","1997-2001",NULL,NULL,0
23736,"INS","1997-2001",NULL,NULL,0
23737,"IVK","1997-2001",NULL,NULL,0
23738,"IVO","1997-2001",NULL,NULL,0
23739,"JAJ","1997-2001",NULL,NULL,0
23740,"JD","1997-2001",NULL,NULL,0
23741,"JES","1997-2001",NULL,NULL,0
23742,"JIA","1997-2001",NULL,NULL,0
23743,"JJJ","1997-2001",NULL,NULL,0
23744,"JK","1997-2001",NULL,NULL,0
23745,"JL","1997-2001",NULL,NULL,0
23746,"JLS","1997-2001",NULL,NULL,0
23747,"JOA","1997-2001",NULL,NULL,0
23748,"JP","1997-2001",NULL,NULL,0
23749,"JPR","1997-2001",NULL,NULL,0
23750,"JR","1997-2001",NULL,NULL,0
23751,"JS","1997-2001",NULL,NULL,0
23752,"JSA","1997-2001",NULL,NULL,0
23753,"JTS","1997-2001",NULL,NULL,0
23754,"KAO","1997-2001",NULL,NULL,0
23755,"KBO","1997-2001",NULL,NULL,0
23756,"KE","1997-2001",NULL,NULL,0
23757,"KES","1997-2001",NULL,NULL,0
23758,"KHA","1997-2001",NULL,NULL,0
23759,"KKD","1997-2001",NULL,NULL,0
23760,"KKG","1997-2001",NULL,NULL,0
23761,"KMB","1997-2001",NULL,NULL,0
23762,"KNA","1997-2001",NULL,NULL,0
23763,"KO","1997-2001",NULL,NULL,0
23764,"KSP","1997-2001",NULL,NULL,0
23765,"KAAN","1997-2001",NULL,NULL,0
23766,"LEK","1997-2001",NULL,NULL,0
23767,"LGL","1997-2001",NULL,NULL,0
23768,"LK","1997-2001",NULL,NULL,0
23769,"LLU","1997-2001",NULL,NULL,0
23770,"LMM","1997-2001",NULL,NULL,0
23771,"LOSO","1997-2001",NULL,NULL,0
23772,"LR","1997-2001",NULL,NULL,0
23773,"LS","1997-2001",NULL,NULL,0
23774,"MABV","1997-2001",NULL,NULL,0
23775,"MHG","1997-2001",NULL,NULL,0
23776,"MIB","1997-2001",NULL,NULL,0
23777,"ML","1997-2001",NULL,NULL,0
23778,"MMK","1997-2001",NULL,NULL,0
23779,"MN","1997-2001",NULL,NULL,0
23780,"MTI","1997-2001",NULL,NULL,0
23781,"OA","1997-2001",NULL,NULL,0
23782,"OAS","1997-2001",NULL,NULL,0
23783,"ODDØ","1997-2001",NULL,NULL,0
23784,"ODG","1997-2001",NULL,NULL,0
23785,"OE","1997-2001",NULL,NULL,0
23786,"OH","1997-2001",NULL,NULL,0
23787,"OHE","1997-2001",NULL,NULL,0
23788,"OJB","1997-2001",NULL,NULL,0
23789,"OKD","1997-2001",NULL,NULL,0
23790,"OLGB","1997-2001",NULL,NULL,0
23791,"ON","1997-2001",NULL,NULL,0
23792,"OR","1997-2001",NULL,NULL,0
23793,"ORE","1997-2001",NULL,NULL,0
23794,"OTL","1997-2001",NULL,NULL,0
23795,"OVA","1997-2001",NULL,NULL,0
23796,"OYK","1997-2001",NULL,NULL,0
23797,"PB","1997-2001",NULL,NULL,0
23798,"PEM","1997-2001",NULL,NULL,0
23799,"PEOW","1997-2001",NULL,NULL,0
23800,"PES","1997-2001",NULL,NULL,0
23801,"PETL","1997-2001",NULL,NULL,0
23802,"PKF","1997-2001",NULL,NULL,0
23803,"REIG","1997-2001",NULL,NULL,0
23804,"REK","1997-2001",NULL,NULL,0
23805,"RF","1997-2001",NULL,NULL,0
23806,"RHRE","1997-2001",NULL,NULL,0
23807,"RK","1997-2001",NULL,NULL,0
23808,"RKL","1997-2001",NULL,NULL,0
23809,"RTV","1997-2001",NULL,NULL,0
23810,"RUI","1997-2001",NULL,NULL,0
23811,"SEBA","1997-2001",NULL,NULL,0
23812,"SEN","1997-2001",NULL,NULL,0
23813,"SFS","1997-2001",NULL,NULL,0
23814,"SHL","1997-2001",NULL,NULL,0
23815,"SIO","1997-2001",NULL,NULL,0
23816,"SIVJ","1997-2001",NULL,NULL,0
23817,"SKB","1997-2001",NULL,NULL,0
23818,"SKO","1997-2001",NULL,NULL,0
23819,"SMY","1997-2001",NULL,NULL,0
23820,"SOH","1997-2001",NULL,NULL,0
23821,"SONS","1997-2001",NULL,NULL,0
23822,"SVH","1997-2001",NULL,NULL,0
23823,"TAN","1997-2001",NULL,NULL,0
23824,"TEJ","1997-2001",NULL,NULL,0
23825,"TG","1997-2001",NULL,NULL,0
23826,"TJ","1997-2001",NULL,NULL,0
23827,"TK","1997-2001",NULL,NULL,0
23828,"TN","1997-2001",NULL,NULL,0
23829,"TNY","1997-2001",NULL,NULL,0
23830,"TOA","1997-2001",NULL,NULL,0
23831,"TON","1997-2001",NULL,NULL,0
23832,"TP","1997-2001",NULL,NULL,0
23833,"TR","1997-2001",NULL,NULL,0
23834,"TROH","1997-2001",NULL,NULL,0
23835,"TTH","1997-2001",NULL,NULL,0
23836,"UE","1997-2001",NULL,NULL,0
23837,"UEK","1997-2001",NULL,NULL,0
23838,"VB","1997-2001",NULL,NULL,0
23839,"VK","1997-2001",NULL,NULL,0
23840,"VSH","1997-2001",NULL,NULL,0
23841,"AAS","1997-2001",NULL,NULL,0
23842,"ABA","2001-2005",NULL,NULL,0
23843,"ADV","2001-2005",NULL,NULL,0
23844,"AESO","2001-2005",NULL,NULL,0
23845,"AG","2001-2005",NULL,NULL,0
23846,"AGV","2001-2005",NULL,NULL,0
23847,"ÅK","2001-2005",NULL,NULL,0
23848,"AL","2001-2005",NULL,NULL,0
23849,"ALYS","2001-2005",NULL,NULL,0
23850,"AR","2001-2005",NULL,NULL,0
23851,"ASAE","2001-2005",NULL,NULL,0
23852,"ASK","2001-2005",NULL,NULL,0
23853,"AUG","2001-2005",NULL,NULL,0
23854,"AWN","2001-2005",NULL,NULL,0
23855,"BB","2001-2005",NULL,NULL,0
23856,"BEHA","2001-2005",NULL,NULL,0
23857,"BEHH","2001-2005",NULL,NULL,0
23858,"BENH","2001-2005",NULL,NULL,0
23859,"BHH","2001-2005",NULL,NULL,0
23860,"BHI","2001-2005",NULL,NULL,0
23861,"BJ","2001-2005",NULL,NULL,0
23862,"BJFR","2001-2005",NULL,NULL,0
23863,"BJH","2001-2005",NULL,NULL,0
23864,"BJT","2001-2005",NULL,NULL,0
23865,"BJØB","2001-2005",NULL,NULL,0
23866,"BYR","2001-2005",NULL,NULL,0
23867,"CIH","2001-2005",NULL,NULL,0
23868,"CS","2001-2005",NULL,NULL,0
23869,"DE","2001-2005",NULL,NULL,0
23870,"EIS","2001-2005",NULL,NULL,0
23871,"ELN","2001-2005",NULL,NULL,0
23872,"ELSK","2001-2005",NULL,NULL,0
23873,"ES","2001-2005",NULL,NULL,0
23874,"ESF","2001-2005",NULL,NULL,0
23875,"ESO","2001-2005",NULL,NULL,0
23876,"EVNI","2001-2005",NULL,NULL,0
23877,"FKM","2001-2005",NULL,NULL,0
23878,"FMV","2001-2005",NULL,NULL,0
23879,"GEHN","2001-2005",NULL,NULL,0
23880,"GHA","2001-2005",NULL,NULL,0
23881,"GJH","2001-2005",NULL,NULL,0
23882,"GKG","2001-2005",NULL,NULL,0
23883,"GO","2001-2005",NULL,NULL,0
23884,"GRF","2001-2005",NULL,NULL,0
23885,"GUO","2001-2005",NULL,NULL,0
23886,"HBL","2001-2005",NULL,NULL,0
23887,"HEH","2001-2005",NULL,NULL,0
23888,"HEIS","2001-2005",NULL,NULL,0
23889,"HGR","2001-2005",NULL,NULL,0
23890,"HHL","2001-2005",NULL,NULL,0
23891,"HKH","2001-2005",NULL,NULL,0
23892,"HLA","2001-2005",NULL,NULL,0
23893,"HMS","2001-2005",NULL,NULL,0
23894,"HR","2001-2005",NULL,NULL,0
23895,"HTN","2001-2005",NULL,NULL,0
23896,"IMT","2001-2005",NULL,NULL,0
23897,"INGL","2001-2005",NULL,NULL,0
23898,"INGR","2001-2005",NULL,NULL,0
23899,"INGS","2001-2005",NULL,NULL,0
23900,"INL","2001-2005",NULL,NULL,0
23901,"INVM","2001-2005",NULL,NULL,0
23902,"ISC","2001-2005",NULL,NULL,0
23903,"ISE","2001-2005",NULL,NULL,0
23904,"IVK","2001-2005",NULL,NULL,0
23905,"IVO","2001-2005",NULL,NULL,0
23906,"JAE","2001-2005",NULL,NULL,0
23907,"JAOO","2001-2005",NULL,NULL,0
23908,"JES","2001-2005",NULL,NULL,0
23909,"JIA","2001-2005",NULL,NULL,0
23910,"JK","2001-2005",NULL,NULL,0
23911,"JL","2001-2005",NULL,NULL,0
23912,"JP","2001-2005",NULL,NULL,0
23913,"JR","2001-2005",NULL,NULL,0
23914,"JS","2001-2005",NULL,NULL,0
23915,"JSA","2001-2005",NULL,NULL,0
23916,"JTS","2001-2005",NULL,NULL,0
23917,"JULC","2001-2005",NULL,NULL,0
23918,"KBO","2001-2005",NULL,NULL,0
23919,"KE","2001-2005",NULL,NULL,0
23920,"KES","2001-2005",NULL,NULL,0
23921,"KHA","2001-2005",NULL,NULL,0
23922,"KJEB","2001-2005",NULL,NULL,0
23923,"KKD","2001-2005",NULL,NULL,0
23924,"KLH","2001-2005",NULL,NULL,0
23925,"KMB","2001-2005",NULL,NULL,0
23926,"KNUS","2001-2005",NULL,NULL,0
23927,"KSP","2001-2005",NULL,NULL,0
23928,"KSW","2001-2005",NULL,NULL,0
23929,"KAAN","2001-2005",NULL,NULL,0
23930,"LEJ","2001-2005",NULL,NULL,0
23931,"LFO","2001-2005",NULL,NULL,0
23932,"LLU","2001-2005",NULL,NULL,0
23933,"LOSO","2001-2005",NULL,NULL,0
23934,"LR","2001-2005",NULL,NULL,0
23935,"LS","2001-2005",NULL,NULL,0
23936,"MAGA","2001-2005",NULL,NULL,0
23937,"MARE","2001-2005",NULL,NULL,0
23938,"MEH","2001-2005",NULL,NULL,0
23939,"MHG","2001-2005",NULL,NULL,0
23940,"MICM","2001-2005",NULL,NULL,0
23941,"ML","2001-2005",NULL,NULL,0
23942,"MLB","2001-2005",NULL,NULL,0
23943,"MMK","2001-2005",NULL,NULL,0
23944,"MN","2001-2005",NULL,NULL,0
23945,"MORH","2001-2005",NULL,NULL,0
23946,"MAA","2001-2005",NULL,NULL,0
23947,"OA","2001-2005",NULL,NULL,0
23948,"OAS","2001-2005",NULL,NULL,0
23949,"ODDØ","2001-2005",NULL,NULL,0
23950,"ODG","2001-2005",NULL,NULL,0
23951,"OH","2001-2005",NULL,NULL,0
23952,"OHE","2001-2005",NULL,NULL,0
23953,"OKD","2001-2005",NULL,NULL,0
23954,"OLET","2001-2005",NULL,NULL,0
23955,"OLGB","2001-2005",NULL,NULL,0
23956,"ON","2001-2005",NULL,NULL,0
23957,"ORE","2001-2005",NULL,NULL,0
23958,"OTL","2001-2005",NULL,NULL,0
23959,"OVA","2001-2005",NULL,NULL,0
23960,"OYK","2001-2005",NULL,NULL,0
23961,"PB","2001-2005",NULL,NULL,0
23962,"PEM","2001-2005",NULL,NULL,0
23963,"PEOW","2001-2005",NULL,NULL,0
23964,"PES","2001-2005",NULL,NULL,0
23965,"PETL","2001-2005",NULL,NULL,0
23966,"PKF","2001-2005",NULL,NULL,0
23967,"RF","2001-2005",NULL,NULL,0
23968,"RHRE","2001-2005",NULL,NULL,0
23969,"RRO","2001-2005",NULL,NULL,0
23970,"RS","2001-2005",NULL,NULL,0
23971,"RSK","2001-2005",NULL,NULL,0
23972,"RTK","2001-2005",NULL,NULL,0
23973,"RUI","2001-2005",NULL,NULL,0
23974,"SAF","2001-2005",NULL,NULL,0
23975,"SAR","2001-2005",NULL,NULL,0
23976,"SEBA","2001-2005",NULL,NULL,0
23977,"SEN","2001-2005",NULL,NULL,0
23978,"SFV","2001-2005",NULL,NULL,0
23979,"SIM","2001-2005",NULL,NULL,0
23980,"SIO","2001-2005",NULL,NULL,0
23981,"SIVJ","2001-2005",NULL,NULL,0
23982,"SKB","2001-2005",NULL,NULL,0
23983,"SKO","2001-2005",NULL,NULL,0
23984,"SME","2001-2005",NULL,NULL,0
23985,"SOH","2001-2005",NULL,NULL,0
23986,"SONS","2001-2005",NULL,NULL,0
23987,"SRH","2001-2005",NULL,NULL,0
23988,"SVH","2001-2005",NULL,NULL,0
23989,"TAN","2001-2005",NULL,NULL,0
23990,"TAS","2001-2005",NULL,NULL,0
23991,"TG","2001-2005",NULL,NULL,0
23992,"THA","2001-2005",NULL,NULL,0
23993,"TJ","2001-2005",NULL,NULL,0
23994,"TOA","2001-2005",NULL,NULL,0
23995,"TON","2001-2005",NULL,NULL,0
23996,"TP","2001-2005",NULL,NULL,0
23997,"TR","2001-2005",NULL,NULL,0
23998,"TROH","2001-2005",NULL,NULL,0
23999,"UE","2001-2005",NULL,NULL,0
24000,"UEK","2001-2005",NULL,NULL,0
24001,"VB","2001-2005",NULL,NULL,0
24002,"VSH","2001-2005",NULL,NULL,0
24003,"ØYVH","2001-2005",NULL,NULL,0
24004,"ÅKO","2001-2005",NULL,NULL,0
24005,"AAMH","2001-2005",NULL,NULL,0
24006,"AAS","2001-2005",NULL,NULL,0
24007,"ADA","2005-2009",NULL,NULL,0
24008,"ADV","2005-2009",NULL,NULL,0
24009,"AESO","2005-2009",NULL,NULL,0
24010,"AGES","2005-2009",NULL,NULL,0
24011,"AGV","2005-2009",NULL,NULL,0
24012,"AIS","2005-2009",NULL,NULL,0
24013,"ALJ","2005-2009",NULL,NULL,0
24014,"ANA","2005-2009",NULL,NULL,0
24015,"ANMB","2005-2009",NULL,NULL,0
24016,"ANML","2005-2009",NULL,NULL,0
24017,"ANNH","2005-2009",NULL,NULL,0
24018,"ANNS","2005-2009",NULL,NULL,0
24019,"ANS","2005-2009",NULL,NULL,0
24020,"ASAE","2005-2009",NULL,NULL,0
24021,"ASC","2005-2009",NULL,NULL,0
24022,"ASK","2005-2009",NULL,NULL,0
24023,"ATR","2005-2009",NULL,NULL,0
24024,"BB","2005-2009",NULL,NULL,0
24025,"BEHA","2005-2009",NULL,NULL,0
24026,"BENH","2005-2009",NULL,NULL,0
24027,"BHH","2005-2009",NULL,NULL,0
24028,"BHI","2005-2009",NULL,NULL,0
24029,"BJ","2005-2009",NULL,NULL,0
24030,"BJT","2005-2009",NULL,NULL,0
24031,"BJØB","2005-2009",NULL,NULL,0
24032,"BT","2005-2009",NULL,NULL,0
24033,"BÅH","2005-2009",NULL,NULL,0
24034,"CIH","2005-2009",NULL,NULL,0
24035,"CT","2005-2009",NULL,NULL,0
24036,"DH","2005-2009",NULL,NULL,0
24037,"DTA","2005-2009",NULL,NULL,0
24038,"EAS","2005-2009",NULL,NULL,0
24039,"EJ","2005-2009",NULL,NULL,0
24040,"EKS","2005-2009",NULL,NULL,0
24041,"ES","2005-2009",NULL,NULL,0
24042,"ESF","2005-2009",NULL,NULL,0
24043,"ESO","2005-2009",NULL,NULL,0
24044,"EVH","2005-2009",NULL,NULL,0
24045,"EVNI","2005-2009",NULL,NULL,0
24046,"FMV","2005-2009",NULL,NULL,0
24047,"FR","2005-2009",NULL,NULL,0
24048,"GAG","2005-2009",NULL,NULL,0
24049,"GJH","2005-2009",NULL,NULL,0
24050,"GJK","2005-2009",NULL,NULL,0
24051,"GKG","2005-2009",NULL,NULL,0
24052,"GKV","2005-2009",NULL,NULL,0
24053,"GUE","2005-2009",NULL,NULL,0
24054,"GUNL","2005-2009",NULL,NULL,0
24055,"GUO","2005-2009",NULL,NULL,0
24056,"HAFA","2005-2009",NULL,NULL,0
24057,"HEH","2005-2009",NULL,NULL,0
24058,"HHL","2005-2009",NULL,NULL,0
24059,"HML","2005-2009",NULL,NULL,0
24060,"HMS","2005-2009",NULL,NULL,0
24061,"HOSY","2005-2009",NULL,NULL,0
24062,"HSK","2005-2009",NULL,NULL,0
24063,"HTN","2005-2009",NULL,NULL,0
24064,"IBTH","2005-2009",NULL,NULL,0
24065,"IHE","2005-2009",NULL,NULL,0
24066,"IHL","2005-2009",NULL,NULL,0
24067,"IJ","2005-2009",NULL,NULL,0
24068,"IME","2005-2009",NULL,NULL,0
24069,"IMT","2005-2009",NULL,NULL,0
24070,"INGR","2005-2009",NULL,NULL,0
24071,"INGS","2005-2009",NULL,NULL,0
24072,"INL","2005-2009",NULL,NULL,0
24073,"ISE","2005-2009",NULL,NULL,0
24074,"IVK","2005-2009",NULL,NULL,0
24075,"JAE","2005-2009",NULL,NULL,0
24076,"JASP","2005-2009",NULL,NULL,0
24077,"JBO","2005-2009",NULL,NULL,0
24078,"JES","2005-2009",NULL,NULL,0
24079,"JF","2005-2009",NULL,NULL,0
24080,"JHR","2005-2009",NULL,NULL,0
24081,"JL","2005-2009",NULL,NULL,0
24082,"JONG","2005-2009",NULL,NULL,0
24083,"JP","2005-2009",NULL,NULL,0
24084,"JSA","2005-2009",NULL,NULL,0
24085,"JTS","2005-2009",NULL,NULL,0
24086,"KBO","2005-2009",NULL,NULL,0
24087,"KES","2005-2009",NULL,NULL,0
24088,"KETS","2005-2009",NULL,NULL,0
24089,"KFOS","2005-2009",NULL,NULL,0
24090,"KHA","2005-2009",NULL,NULL,0
24091,"KKK","2005-2009",NULL,NULL,0
24092,"KLH","2005-2009",NULL,NULL,0
24093,"KNUS","2005-2009",NULL,NULL,0
24094,"KSP","2005-2009",NULL,NULL,0
24095,"KSW","2005-2009",NULL,NULL,0
24096,"KAAN","2005-2009",NULL,NULL,0
24097,"LAPB","2005-2009",NULL,NULL,0
24098,"LD","2005-2009",NULL,NULL,0
24099,"LEJ","2005-2009",NULL,NULL,0
24100,"LEK","2005-2009",NULL,NULL,0
24101,"LHH","2005-2009",NULL,NULL,0
24102,"LIC","2005-2009",NULL,NULL,0
24103,"LOSO","2005-2009",NULL,NULL,0
24104,"LS","2005-2009",NULL,NULL,0
24105,"LSN","2005-2009",NULL,NULL,0
24106,"MAM","2005-2009",NULL,NULL,0
24107,"MARE","2005-2009",NULL,NULL,0
24108,"MEH","2005-2009",NULL,NULL,0
24109,"MHG","2005-2009",NULL,NULL,0
24110,"MLB","2005-2009",NULL,NULL,0
24111,"MMK","2005-2009",NULL,NULL,0
24112,"MN","2005-2009",NULL,NULL,0
24113,"MORH","2005-2009",NULL,NULL,0
24114,"MAAA","2005-2009",NULL,NULL,0
24115,"OA","2005-2009",NULL,NULL,0
24116,"OBM","2005-2009",NULL,NULL,0
24117,"ODDØ","2005-2009",NULL,NULL,0
24118,"OKD","2005-2009",NULL,NULL,0
24119,"OLET","2005-2009",NULL,NULL,0
24120,"OLGB","2005-2009",NULL,NULL,0
24121,"OTL","2005-2009",NULL,NULL,0
24122,"OVA","2005-2009",NULL,NULL,0
24123,"OYK","2005-2009",NULL,NULL,0
24124,"PB","2005-2009",NULL,NULL,0
24125,"PEG","2005-2009",NULL,NULL,0
24126,"PEOW","2005-2009",NULL,NULL,0
24127,"PES","2005-2009",NULL,NULL,0
24128,"PETL","2005-2009",NULL,NULL,0
24129,"PKF","2005-2009",NULL,NULL,0
24130,"POL","2005-2009",NULL,NULL,0
24131,"PRH","2005-2009",NULL,NULL,0
24132,"PTA","2005-2009",NULL,NULL,0
24133,"RE","2005-2009",NULL,NULL,0
24134,"RHRE","2005-2009",NULL,NULL,0
24135,"RS","2005-2009",NULL,NULL,0
24136,"RSK","2005-2009",NULL,NULL,0
24137,"RTK","2005-2009",NULL,NULL,0
24138,"SAF","2005-2009",NULL,NULL,0
24139,"SEN","2005-2009",NULL,NULL,0
24140,"SHK","2005-2009",NULL,NULL,0
24141,"SIO","2005-2009",NULL,NULL,0
24142,"SIVJ","2005-2009",NULL,NULL,0
24143,"SKB","2005-2009",NULL,NULL,0
24144,"SMY","2005-2009",NULL,NULL,0
24145,"SOH","2005-2009",NULL,NULL,0
24146,"SOM","2005-2009",NULL,NULL,0
24147,"SONS","2005-2009",NULL,NULL,0
24148,"SRH","2005-2009",NULL,NULL,0
24149,"STEG","2005-2009",NULL,NULL,0
24150,"STK","2005-2009",NULL,NULL,0
24151,"TALI","2005-2009",NULL,NULL,0
24152,"TAN","2005-2009",NULL,NULL,0
24153,"TAS","2005-2009",NULL,NULL,0
24154,"TELA","2005-2009",NULL,NULL,0
24155,"TG","2005-2009",NULL,NULL,0
24156,"THA","2005-2009",NULL,NULL,0
24157,"TJ","2005-2009",NULL,NULL,0
24158,"TKK","2005-2009",NULL,NULL,0
24159,"TMI","2005-2009",NULL,NULL,0
24160,"TMV","2005-2009",NULL,NULL,0
24161,"TO","2005-2009",NULL,NULL,0
24162,"TOA","2005-2009",NULL,NULL,0
24163,"TOHA","2005-2009",NULL,NULL,0
24164,"TON","2005-2009",NULL,NULL,0
24165,"TP","2005-2009",NULL,NULL,0
24166,"TR","2005-2009",NULL,NULL,0
24167,"TROH","2005-2009",NULL,NULL,0
24168,"TSG","2005-2009",NULL,NULL,0
24169,"UEK","2005-2009",NULL,NULL,0
24170,"UIL","2005-2009",NULL,NULL,0
24171,"VB","2005-2009",NULL,NULL,0
24172,"VKG","2005-2009",NULL,NULL,0
24173,"VL","2005-2009",NULL,NULL,0
24174,"ØYVH","2005-2009",NULL,NULL,0
24175,"AAMH","2005-2009",NULL,NULL,0
24176,"ADA","2009-2013",NULL,NULL,1
24177,"AESO","2009-2013",NULL,NULL,1
24178,"AGES","2009-2013",NULL,NULL,1
24179,"AKSH","2009-2013",NULL,NULL,1
24180,"ALEH","2009-2013",NULL,NULL,1
24181,"ALJ","2009-2013",NULL,NULL,1
24182,"ALYS","2009-2013",NULL,NULL,1
24183,"ANA","2009-2013",NULL,NULL,1
24184,"ANMB","2009-2013",NULL,NULL,1
24185,"ANNH","2009-2013",NULL,NULL,0
24186,"ANS","2009-2013",NULL,NULL,0
24187,"ARK","2009-2013",NULL,NULL,1
24188,"ASC","2009-2013",NULL,NULL,1
24189,"ATR","2009-2013",NULL,NULL,1
24190,"ATW","2009-2013",NULL,NULL,1
24191,"AWE","2009-2013",NULL,NULL,1
24192,"BEHA","2009-2013",NULL,NULL,1
24193,"BENH","2009-2013",NULL,NULL,1
24194,"BLO","2009-2013",NULL,NULL,1
24195,"BT","2009-2013",NULL,NULL,1
24196,"BTH","2009-2013",NULL,NULL,1
24197,"BVS","2009-2013",NULL,NULL,0
24198,"BÅH","2009-2013",NULL,NULL,1
24199,"CT","2009-2013",NULL,NULL,1
24200,"DE","2009-2013",NULL,NULL,1
24201,"DH","2009-2013",NULL,NULL,1
24202,"DOT","2009-2013",NULL,NULL,1
24203,"DTA","2009-2013",NULL,NULL,1
24204,"EAS","2009-2013",NULL,NULL,1
24205,"EBO","2009-2013",NULL,NULL,1
24206,"EIRS","2009-2013",NULL,NULL,1
24207,"EKS","2009-2013",NULL,NULL,1
24208,"ELN","2009-2013",NULL,NULL,1
24209,"ES","2009-2013",NULL,NULL,1
24210,"EVH","2009-2013",NULL,NULL,1
24211,"FBJ","2009-2013",NULL,NULL,1
24212,"FR","2009-2013",NULL,NULL,1
24213,"GAG","2009-2013",NULL,NULL,1
24214,"GEHN","2009-2013",NULL,NULL,1
24215,"GJB","2009-2013",NULL,NULL,1
24216,"GJH","2009-2013",NULL,NULL,1
24217,"GJK","2009-2013",NULL,NULL,1
24218,"GKG","2009-2013",NULL,NULL,1
24219,"GOK","2009-2013",NULL,NULL,1
24220,"GUE","2009-2013",NULL,NULL,1
24221,"GUO","2009-2013",NULL,NULL,1
24222,"HAFA","2009-2013",NULL,NULL,1
24223,"HEH","2009-2013",NULL,NULL,0
24224,"HEW","2009-2013",NULL,NULL,1
24225,"HHL","2009-2013",NULL,NULL,1
24226,"HML","2009-2013",NULL,NULL,1
24227,"HOSY","2009-2013",NULL,NULL,1
24228,"HPED","2009-2013",NULL,NULL,1
24229,"HSK","2009-2013",NULL,NULL,1
24230,"HTA","2009-2013",NULL,NULL,0
24231,"HTN","2009-2013",NULL,NULL,1
24232,"IAG","2009-2013",NULL,NULL,1
24233,"IBTH","2009-2013",NULL,NULL,1
24234,"IHE","2009-2013",NULL,NULL,1
24235,"IJ","2009-2013",NULL,NULL,1
24236,"IME","2009-2013",NULL,NULL,1
24237,"IMT","2009-2013",NULL,NULL,0
24238,"IOL","2009-2013",NULL,NULL,1
24239,"IRLN","2009-2013",NULL,NULL,1
24240,"ISC","2009-2013",NULL,NULL,1
24241,"IVK","2009-2013",NULL,NULL,1
24242,"JAE","2009-2013",NULL,NULL,1
24243,"JASP","2009-2013",NULL,NULL,1
24244,"JBO","2009-2013",NULL,NULL,1
24245,"JES","2009-2013",NULL,NULL,0
24246,"JF","2009-2013",NULL,NULL,1
24247,"JGS","2009-2013",NULL,NULL,0
24248,"JHR","2009-2013",NULL,NULL,1
24249,"JKL","2009-2013",NULL,NULL,1
24250,"JONG","2009-2013",NULL,NULL,1
24251,"JSN","2009-2013",NULL,NULL,1
24252,"JTS","2009-2013",NULL,NULL,1
24253,"KARH","2009-2013",NULL,NULL,1
24254,"KES","2009-2013",NULL,NULL,1
24255,"KETS","2009-2013",NULL,NULL,1
24256,"KHA","2009-2013",NULL,NULL,0
24257,"KJR","2009-2013",NULL,NULL,1
24258,"KJT","2009-2013",NULL,NULL,1
24259,"KKK","2009-2013",NULL,NULL,1
24260,"KNAH","2009-2013",NULL,NULL,1
24261,"KNUS","2009-2013",NULL,NULL,1
24262,"KSIM","2009-2013",NULL,NULL,1
24263,"KSW","2009-2013",NULL,NULL,1
24264,"KAAN","2009-2013",NULL,NULL,1
24265,"LAG","2009-2013",NULL,NULL,1
24266,"LAPB","2009-2013",NULL,NULL,1
24267,"LCH","2009-2013",NULL,NULL,1
24268,"LD","2009-2013",NULL,NULL,1
24269,"LHH","2009-2013",NULL,NULL,1
24270,"LIC","2009-2013",NULL,NULL,1
24271,"LILH","2009-2013",NULL,NULL,1
24272,"LMY","2009-2013",NULL,NULL,1
24273,"LRE","2009-2013",NULL,NULL,1
24274,"LSN","2009-2013",NULL,NULL,0
24275,"MAGR","2009-2013",NULL,NULL,1
24276,"MAKO","2009-2013",NULL,NULL,1
24277,"MAM","2009-2013",NULL,NULL,1
24278,"METH","2009-2013",NULL,NULL,1
24279,"MIT","2009-2013",NULL,NULL,1
24280,"MMK","2009-2013",NULL,NULL,1
24281,"MN","2009-2013",NULL,NULL,1
24282,"MOJ","2009-2013",NULL,NULL,1
24283,"MORH","2009-2013",NULL,NULL,1
24284,"MAAA","2009-2013",NULL,NULL,1
24285,"NA","2009-2013",NULL,NULL,1
24286,"OBM","2009-2013",NULL,NULL,0
24287,"OG","2009-2013",NULL,NULL,1
24288,"OLET","2009-2013",NULL,NULL,1
24289,"OVA","2009-2013",NULL,NULL,1
24290,"OYK","2009-2013",NULL,NULL,1
24291,"PB","2009-2013",NULL,NULL,1
24292,"PEG","2009-2013",NULL,NULL,1
24293,"PEMY","2009-2013",NULL,NULL,1
24294,"PES","2009-2013",NULL,NULL,1
24295,"PKF","2009-2013",NULL,NULL,1
24296,"PO","2009-2013",NULL,NULL,1
24297,"POL","2009-2013",NULL,NULL,1
24298,"PRH","2009-2013",NULL,NULL,0
24299,"PTA","2009-2013",NULL,NULL,1
24300,"RAE","2009-2013",NULL,NULL,1
24301,"RE","2009-2013",NULL,NULL,1
24302,"RIAJ","2009-2013",NULL,NULL,0
24303,"SAF","2009-2013",NULL,NULL,1
24304,"SAG","2009-2013",NULL,NULL,1
24305,"SHAR","2009-2013",NULL,NULL,1
24306,"SHK","2009-2013",NULL,NULL,1
24307,"SIVJ","2009-2013",NULL,NULL,1
24308,"SME","2009-2013",NULL,NULL,1
24309,"SMY","2009-2013",NULL,NULL,1
24310,"SNV","2009-2013",NULL,NULL,1
24311,"SOH","2009-2013",NULL,NULL,1
24312,"SOM","2009-2013",NULL,NULL,1
24313,"SONS","2009-2013",NULL,NULL,1
24314,"SRH","2009-2013",NULL,NULL,1
24315,"STEG","2009-2013",NULL,NULL,1
24316,"SUB","2009-2013",NULL,NULL,1
24317,"SYG","2009-2013",NULL,NULL,1
24318,"TALI","2009-2013",NULL,NULL,1
24319,"TAS","2009-2013",NULL,NULL,1
24320,"TBRE","2009-2013",NULL,NULL,1
24321,"TEF","2009-2013",NULL,NULL,1
24322,"TELA","2009-2013",NULL,NULL,1
24323,"TG","2009-2013",NULL,NULL,0
24324,"THB","2009-2013",NULL,NULL,1
24325,"TKK","2009-2013",NULL,NULL,1
24326,"TMI","2009-2013",NULL,NULL,1
24327,"TMS","2009-2013",NULL,NULL,1
24328,"TMV","2009-2013",NULL,NULL,0
24329,"TO","2009-2013",NULL,NULL,1
24330,"TOHA","2009-2013",NULL,NULL,1
24331,"TON","2009-2013",NULL,NULL,1
24332,"TOT","2009-2013",NULL,NULL,1
24333,"TOVT","2009-2013",NULL,NULL,1
24334,"TR","2009-2013",NULL,NULL,1
24335,"TRI","2009-2013",NULL,NULL,1
24336,"TROH","2009-2013",NULL,NULL,1
24337,"TSG","2009-2013",NULL,NULL,1
24338,"UEK","2009-2013",NULL,NULL,1
24339,"UIL","2009-2013",NULL,NULL,1
24340,"VKG","2009-2013",NULL,NULL,1
24341,"WO","2009-2013",NULL,NULL,1
24342,"ØH","2009-2013",NULL,NULL,1
24343,"ØYVH","2009-2013",NULL,NULL,1
24344,"AAST","2009-2013",NULL,NULL,1
24345,"RAA","2009-2013","BVS",NULL,1
24346,"AREH","2009-2013","ANNH",NULL,1
24347,"OLOG","2009-2013","TMV",NULL,1
24348,"TLB","2009-2013","ANS",NULL,1
24349,"JFC","2009-2013","PRH",NULL,1
24350,"STRH","2009-2013","RIAJ",NULL,1
24351,"HEIS","2009-2013","KHA",NULL,1
24352,"HAKH","2009-2013","JES",NULL,1
24353,"TRUW","2009-2013","JGS",NULL,1
24354,"AC","2009-2013","HEH",NULL,1
24355,"KY","2009-2013","HTA",NULL,1
24356,"ESAN","2009-2013","LSN",NULL,1
24357,"ARLH","2009-2013","TG",NULL,1
24358,"HEIG","2009-2013","OBM",NULL,1
24359,"LAE","2009-2013","IMT",NULL,1
